Sex,Height,Mass,PulseRate,Forearm,Sleep,Eyes,Attractive,Residence,Grade,Superpower,Kiss,Handed,Satisfied,Mode,Minutes,Campus
Female,158,59,76,33,15,Black,5,College,5,Freeze time,Yes,Right,4,Walk,5,Gatton
Male,178,74,60,26,14,Black,6,College,6,Freeze time,No,Right,4,Walk,15,St Lucia
Female,167,62,60,25,14,Blue,6,College,4,Fly,Yes,Right,4,Walk,3,Gatton
Female,174,72.5,96,26,21,Blue,7,Home,6,Freeze time,Yes,Right,4,Car,55,Gatton
Female,175,65,56,25,14,Blue,6,Shared Flat/House,7,Fly,Yes,Right,5,Bike,16,St Lucia
Female,163,50,66,27,26,Brown,5,College,6,Fly,Yes,Right,4,Walk,5,Gatton
Male,174,50,80,25,21,Black,10,Shared Flat/House,7,Super strength,Yes,Left,3,Bus,10,St Lucia
Female,175,59,68,27,13,Hazel,6,Home,6,Freeze time,Yes,Right,4,Car,70,Gatton
Male,180,70,70,27,12,Black,8,College,4,Super strength,Yes,Right,4,Walk,5,St Lucia
Male,180,55,80,26,22,Blue,3,Home,6,Invisibility,No,Right,4,Bus,30,St Lucia
Male,172,81,65,21,39,Brown,6,College,6,Telepathy,No,Right,4,Walk,6,St Lucia
Male,172,65,62,28,24,Brown,7,Shared Flat/House,7,Telepathy,Yes,Right,3,Train,40,St Lucia
Female,170,60,64,22,15,Green,7,Home,6,Fly,Yes,Right,5,Car,10,St Lucia
Female,170,77,56,29.5,13,Brown,8,Other,6,Telepathy,Yes,Right,2,Car,20,St Lucia
Female,167,68,31,25,16,Green,5,College,5,Fly,Yes,Right,4,Walk,15,St Lucia
Male,170,70,64,23,18,Black,7,Home,7,Invisibility,Yes,Left,3,Car,20,St Lucia
Male,175,65,82,27,27,Black,5,Shared Flat/House,6,Fly,Yes,Right,3,Walk,30,St Lucia
Male,185,77,50,25,16,Hazel,7,Shared Flat/House,6,Freeze time,Yes,Right,5,Ferry,10,St Lucia
Female,156,57,86,20.5,17,Brown,4,Shared Flat/House,4,Fly,Yes,Right,3,Car,10,Gatton
Female,154,50,66,23,21,Brown,5,Home,5,Fly,Yes,Right,2,Walk,25,St Lucia
Female,162,50,74,24,15,Brown,6,Home,5,Invisibility,No,Left,4,Train,100,St Lucia
Male,175,70,60,32,18,Hazel,10,Shared Flat/House,6,Fly,No,Left,5,Car,15,St Lucia
Female,175,80,90,20,18,Brown,5,Shared Flat/House,6,Freeze time,No,Left,4,Car,5,Gatton
Male,178,70,90,29,15,Black,7,Home,6,Freeze time,Yes,Right,4,Bus,30,St Lucia
Male,174,60,78,26,24,Blue,7,Shared Flat/House,6,Fly,No,Right,4,Bus,30,St Lucia
Female,167,70,30,26,17,Hazel,6,College,5,Fly,Yes,Right,4,Car,100,Gatton
Female,165,64,78,23,15,Brown,4,College,7,Telepathy,Yes,Right,5,Walk,0,Gatton
Male,171,82,68,25,18,Blue,3,Home,5,Fly,Yes,Right,3,Car,70,Gatton
Female,158,58,56,32,16,Green,6,Other,6,Invisibility,Yes,Right,3,Bus,90,St Lucia
Female,167,56,72,21,26,Blue,7,College,5,Super strength,Yes,Left,5,Walk,0,St Lucia
Female,169,64,72,25,36,Hazel,7,College,7,Freeze time,Yes,Right,3,Car,120,Gatton
Female,162,67,110,28,15,Hazel,6,Shared Flat/House,6,Invisibility,No,Right,5,Walk,7,St Lucia
Female,172,90,60,25,14,Brown,4,Home,5,Telepathy,Yes,Right,3,Bus,45,St Lucia
Female,180,60,70,17,13,Brown,6,Shared Flat/House,5,Fly,Yes,Left,4,Car,15,St Lucia
Male,175,65,60,30,21,Black,7,Home,5,Telepathy,No,Left,4,Walk,25,St Lucia
Male,180,64,76,28,12,Brown,6,Home,5,Freeze time,No,Right,2,Train,60,St Lucia
Male,170,60,82,25,15,Black,5,Home,6,Freeze time,Yes,Right,3,Bus,35,St Lucia
Female,161,39,97,22,24,Brown,5,Home,5,Telepathy,Yes,Right,4,Car,80,Gatton
Male,182,82,64,27,27,Brown,7,Home,5,Freeze time,Yes,Right,4,Bus,45,St Lucia
Female,173,63,62,28,12,Hazel,8,College,6,Fly,Yes,Right,4,Walk,5,St Lucia
Male,190,73,64,28,18,Blue,7,Shared Flat/House,6,Invisibility,Yes,Right,4,Bike,30,St Lucia
Male,182,82,68,26,9,Black,5,Shared Flat/House,6,Fly,Yes,Right,5,Bus,45,St Lucia
Female,167,56,80,26,15,Brown,10,Home,6,Freeze time,Yes,Right,4,Car,45,St Lucia
Male,190,81,60,40,12,Blue,10,College,7,Freeze time,Yes,Right,4,Car,300,Gatton
Female,170,60,76,27,21,Green,6,Alone,5,Fly,Yes,Right,5,Bus,55,St Lucia
Male,185,78,68,25,25,Blue,7,Home,5,Super strength,Yes,Right,4,Bus,15,St Lucia
Female,168,128,86,25,29,Brown,1,Home,5,Invisibility,Yes,Right,3,Walk,10,Gatton
Male,188,80,60,35,18,Green,7,College,7,Telepathy,Yes,Right,4,Walk,10,St Lucia
Female,153,69,74,25,20,Brown,5,Home,5,Telepathy,Yes,Right,2,Bus,45,St Lucia
Female,171,55,68,32,17,Brown,7,Home,6,Fly,Yes,Right,5,Train,59,St Lucia
Female,157,45,78,23,20,Brown,7,Home,5,Fly,Yes,Right,4,Train,120,St Lucia
Female,166,55,82,24,15,Green,7,Home,6,Fly,Yes,Right,4,Bus,50,St Lucia
Female,158,78,78,24,21,Green,6,College,4,Fly,Yes,Right,4,Car,2,Gatton
Female,176,120,70,18,20,Blue,3,Home,7,Freeze time,Yes,Right,4,Bus,30,St Lucia
Male,170,65,75,29,15,Blue,6,Shared Flat/House,6,Freeze time,Yes,Right,5,Car,30,St Lucia
Female,170,70,65,23,18,Brown,5,Home,7,Telepathy,No,Right,3,Bus,60,St Lucia
Female,167,61,74,40,21,Blue,7,Shared Flat/House,5,Fly,Yes,Right,4,Ferry,30,St Lucia
Male,168,78.5,54,26,14,Brown,8,Shared Flat/House,6,Freeze time,Yes,Right,3,Car,15,St Lucia
Female,178,50,50,27,15,Green,5,Home,7,Fly,Yes,Right,5,Car,10,Gatton
Male,178,73,52,25.5,20,Brown,7,Shared Flat/House,5,Fly,Yes,Right,4,Car,120,St Lucia
Male,185,72,60,26,12,Green,6,Home,6,Fly,Yes,Left,3,Train,60,St Lucia
Female,180,70,70,30,16,Hazel,7,Shared Flat/House,5,Invisibility,No,Left,4,Bus,25,St Lucia
Male,180,85,75,30,16,Brown,10,Shared Flat/House,4,Super strength,Yes,Left,4,Car,15,St Lucia
Female,167.5,55,62,17,14,Brown,8,Home,5,Telepathy,Yes,Right,4,Car,10,St Lucia
Female,155,60,78,21,16,Green,5,Home,6,Invisibility,No,Right,4,Train,68,St Lucia
Female,163,58,54,21,16,Blue,6,College,4,Invisibility,No,Right,5,Walk,1,Gatton
Male,167,69.3,68,25,14,Black,5,Shared Flat/House,6,Fly,Yes,Right,4,Walk,15,St Lucia
Female,161,70,84,18,15,Blue,4,Shared Flat/House,6,Invisibility,Yes,Right,4,Bus,10,St Lucia
Female,160,50,66,22,21,Blue,4,Home,5,Fly,Yes,Right,4,Train,93,St Lucia
Male,180,75,53,30,20,Green,10,Shared Flat/House,7,Fly,Yes,Right,5,Car,10,Gatton
Female,163,60,66,23,16,Green,7,Home,4,Invisibility,Yes,Right,5,Bus,30,St Lucia
Male,178,75,80,28,8,Brown,9,Home,6,Freeze time,Yes,Right,5,Car,30,St Lucia
Female,162,58,70,30,15,Brown,6,Shared Flat/House,5,Telepathy,Yes,Right,4,Walk,10,St Lucia
Female,151,40,52,23,23,Black,5,Shared Flat/House,5,Fly,No,Right,4,Walk,10,St Lucia
Male,169,55,67,15,8,Black,7,Shared Flat/House,7,Fly,No,Right,4,Walk,7,St Lucia
Female,165,72,76,27,17,Blue,5,Shared Flat/House,6,Invisibility,Yes,Right,3,Car,75,Gatton
Male,177,75,68,28,9,Blue,6,Home,6,Telepathy,Yes,Right,3,Car,30,St Lucia
Male,174,70,58,27,26,Brown,7,Home,5,Fly,Yes,Left,4,Car,20,St Lucia
Male,172,60,49,30,6,Brown,10,Alone,7,Freeze time,Yes,Right,4,Walk,12,St Lucia
Female,160,54,64,24,12,Blue,5,Home,6,Telepathy,No,Right,5,Train,90,St Lucia
Female,162,52,60,23.5,10,Brown,8,Shared Flat/House,7,Fly,Yes,Right,5,Walk,10,St Lucia
Female,173,85,62,24.5,13,Brown,5,Shared Flat/House,5,Fly,Yes,Right,3,Walk,15,St Lucia
Female,170,69,62,26,24,Brown,7,Shared Flat/House,5,Fly,Yes,Right,4,Car,5,Gatton
Male,178,105,54,27,14,Hazel,5,Home,6,Super strength,Yes,Right,4,Car,30,St Lucia
Female,165,52,70,23,30,Hazel,7,College,4,Telepathy,Yes,Right,4,Car,180,Gatton
Male,176,73,74,25,12,Black,5,College,7,Telepathy,No,Left,5,Walk,5,St Lucia
Male,178,61,62,35,22,Blue,7,Home,6,Fly,Yes,Left,4,Train,12,St Lucia
Female,167,77,96,28,38,Brown,3,Shared Flat/House,5,Invisibility,Yes,Left,4,Car,40,Gatton
Male,179,62,60,27,30,Brown,3,Home,6,Freeze time,No,Left,4,Walk,30,St Lucia
Male,163,68,62,21,20,Black,10,Home,7,Invisibility,Yes,Right,4,Bus,60,St Lucia
Female,167,53,70,27,9,Brown,7,Shared Flat/House,7,Fly,Yes,Right,5,Bus,20,St Lucia
Male,178,60,67,40,6,Blue,7,Home,6,Freeze time,Yes,Right,4,Bus,22,St Lucia
Female,175,60,86,25,18,Blue,9,Home,6,Fly,Yes,Right,4,Car,75,Gatton
Female,170,55,82,23,22,Blue,7,Shared Flat/House,6,Freeze time,Yes,Right,5,Walk,10,St Lucia
Female,164,62,52,15,12,Green,6,Shared Flat/House,4,Fly,Yes,Right,4,Car,10,Gatton
Female,182,100,92,32,13,Blue,10,Shared Flat/House,6,Invisibility,Yes,Right,2,Bike,10,Gatton
Female,165,63,74,24,11,Green,5,Shared Flat/House,5,Freeze time,Yes,Right,5,Car,75,St Lucia
Female,169,55,68,22,24,Green,7,Home,6,Fly,Yes,Right,5,Car,15,St Lucia
Female,169,61,56,26,12,Blue,8,Home,6,Telepathy,Yes,Left,4,Train,50,St Lucia
Female,178,56,70,28,15,Brown,6,Home,5,Telepathy,Yes,Right,3,Bus,30,St Lucia
Female,162,51,58,23.5,16,Brown,4,Home,6,Fly,Yes,Left,4,Walk,8,St Lucia
Male,165,65,72,15,15,Brown,2,Shared Flat/House,5,Super strength,Yes,Right,4,Bus,15,St Lucia
Female,174,79,90,35,14,Blue,5,Home,5,Super strength,Yes,Right,1,Car,30,Gatton
Female,178,65,60,40,12,Hazel,8,Shared Flat/House,5,Fly,Yes,Right,5,Car,40,St Lucia
Male,175,72,76,26,19,Brown,7,Shared Flat/House,6,Freeze time,Yes,Right,5,Bus,15,St Lucia
Male,183,63,64,25,32,Brown,9,Shared Flat/House,7,Freeze time,Yes,Right,4,Bike,15,St Lucia
Female,160,50,70,20,16,Green,9,Shared Flat/House,7,Freeze time,No,Left,3,Car,5,Gatton
Female,160,70,80,21,15,Brown,1,Shared Flat/House,4,Fly,Yes,Right,1,Car,15,Gatton
Male,193,95,86,29,16,Blue,7,Shared Flat/House,7,Fly,Yes,Right,4,Bus,30,St Lucia
Male,175,58,68,27,11,Brown,7,College,7,Fly,Yes,Right,4,Walk,3,St Lucia
Female,164,50,70,38,16,Black,6,Home,7,Fly,Yes,Left,3,Car,10,St Lucia
Male,180,75,56,23,24,Brown,5,Home,6,Invisibility,Yes,Right,4,Bus,60,St Lucia
Male,180,85,70,30,9,Brown,7,Home,6,Invisibility,No,Right,4,Bus,40,St Lucia
Male,183,85,82,34,8,Brown,7,Home,6,Freeze time,Yes,Right,4,Bus,25,St Lucia
Male,176,88,64,24,25,Brown,7,Home,6,Fly,Yes,Right,4,Car,30,St Lucia
Male,193,73,60,25,12,Brown,5,Shared Flat/House,5,Invisibility,Yes,Right,1,Bus,30,St Lucia
Male,182,76,60,30,17,Brown,5,Home,4,Freeze time,Yes,Right,5,Bus,40,St Lucia
Male,178,92,88,33,9,Brown,7,College,6,Invisibility,Yes,Right,4,Walk,12,St Lucia
Female,183,60,80,24,21,Green,10,Shared Flat/House,7,Freeze time,Yes,Right,3,Car,20,St Lucia
Female,168,60,58,21,18,Blue,8,Home,5,Freeze time,Yes,Left,4,Walk,10,St Lucia
Female,181,80,60,25,18,Blue,6,Home,7,Telepathy,Yes,Left,5,Bus,10,St Lucia
Male,158,52,80,35,19,Blue,7,Home,6,Freeze time,No,Right,5,Car,30,St Lucia
Male,172,65,74,30,15,Brown,7,Shared Flat/House,6,Freeze time,Yes,Right,4,Bus,30,St Lucia
Male,180,90,70,25,20,Blue,7,Alone,6,Invisibility,Yes,Right,4,Car,35,St Lucia
Female,160,55,76,22,10,Blue,1,Home,7,Fly,Yes,Right,3,Bus,15,St Lucia
Female,173,60,88,24,20,Brown,5,Home,7,Fly,Yes,Right,4,Car,30,Gatton
Male,182,66,64,29,24,Brown,7,Home,6,Super strength,Yes,Right,3,Bus,40,St Lucia
Female,165,62,66,21,22,Blue,6,Shared Flat/House,4,Telepathy,Yes,Right,4,Train,60,St Lucia
Female,168,62,58,24.8,13,Brown,8,Home,6,Telepathy,No,Right,4,Bus,12,St Lucia
Male,186,91,66,27,20,Brown,7,Home,6,Fly,Yes,Right,4,Car,45,St Lucia
Male,195,73,56,26.5,14,Blue,5,Home,7,Fly,Yes,Right,2,Car,40,St Lucia
Female,175,63,60,26,18,Green,5,College,4,Fly,No,Right,2,Car,180,Gatton
Female,172,65,140,25,32,Hazel,7,Shared Flat/House,6,Fly,Yes,Right,3,Car,20,Gatton
Male,177,70,64,27,16,Green,7,Home,6,Invisibility,Yes,Right,3,Car,25,St Lucia
Female,158,45,90,21,24,Brown,1,Shared Flat/House,4,Invisibility,No,Right,3,Car,10,Gatton
Male,183,65,80,35,15,Brown,7,Shared Flat/House,5,Fly,Yes,Right,3,Bus,15,St Lucia
Male,172,52,84,30,14,Brown,3,Shared Flat/House,7,Fly,Yes,Right,2,Walk,10,St Lucia
Male,190,86,62,32,14,Brown,8,Home,7,Freeze time,Yes,Right,5,Bus,60,St Lucia
Female,160,52,62,23,16,Green,6,College,5,Invisibility,Yes,Right,3,Walk,0,Gatton
Male,185,72,64,26,13,Blue,3,Home,4,Freeze time,Yes,Right,4,Bus,60,St Lucia
Female,173,56,66,28,16,Hazel,10,Shared Flat/House,4,Fly,Yes,Right,4,Walk,45,St Lucia
Male,188,80,64,28,20,Green,7,Shared Flat/House,5,Telepathy,Yes,Right,4,Car,10,Gatton
Female,153,48,76,25.5,21,Black,7,Home,7,Invisibility,Yes,Left,3,Bus,25,St Lucia
Female,156,48,80,21,13,Brown,5,Home,5,Freeze time,No,Right,4,Bus,59,St Lucia
Male,180,68,55,27,20,Blue,5,Shared Flat/House,5,Invisibility,Yes,Right,5,Car,5,Gatton
Female,175,67,56,26,14,Green,8,Alone,7,Telepathy,Yes,Right,5,Car,20,Gatton
Female,173,69,120,25,40,Blue,7,Shared Flat/House,5,Telepathy,Yes,Right,4,Car,5,Gatton
Male,194,130,70,32,8,Blue,3,Shared Flat/House,7,Telepathy,Yes,Right,5,Bike,12,St Lucia
Male,175,61,66,22,25,Brown,1,Alone,4,Telepathy,No,Right,3,Walk,30,St Lucia
Female,178,78,78,25,11,Brown,3,College,5,Freeze time,Yes,Right,2,Walk,10,St Lucia
Male,183,60,88,35,24,Brown,5,Shared Flat/House,5,Freeze time,Yes,Right,3,Bus,15,St Lucia
Female,166,55,76,24,16,Blue,7,Home,6,Fly,Yes,Right,5,Bus,40,St Lucia
Female,152,50,76,24,14,Green,6,Shared Flat/House,6,Fly,Yes,Right,5,Car,40,Gatton
Male,172,95,60,30,12,Brown,5,Home,6,Freeze time,Yes,Right,4,Train,45,St Lucia
Male,175,80,60,24,27,Blue,7,Home,6,Telepathy,No,Left,4,Bus,80,St Lucia
Female,173,60,86,28,12,Blue,6,College,5,Fly,Yes,Right,5,Walk,10,St Lucia
Female,167,49,62,23,10,Blue,8,Home,6,Invisibility,Yes,Right,5,Bus,40,St Lucia
Male,195,95,100,40,8,Blue,10,Shared Flat/House,7,Fly,Yes,Right,5,Ferry,5,Gatton
Female,165,62,78,25,20,Brown,3,Shared Flat/House,5,Telepathy,No,Right,3,Walk,20,St Lucia
Female,156,55,74,22,16,Blue,10,Shared Flat/House,6,Fly,Yes,Right,3,Bus,30,St Lucia
Female,159,50,78,25,18,Brown,5,Home,7,Invisibility,Yes,Right,3,Car,15,St Lucia
Female,167,52,86,27,16,Brown,8,Home,6,Fly,Yes,Right,3,Car,45,Gatton
Male,177,71,80,26,20,Brown,9,Shared Flat/House,7,Freeze time,Yes,Right,4,Bus,15,St Lucia
Male,200,80,80,30,16,Hazel,9,Shared Flat/House,7,Freeze time,Yes,Right,4,Ferry,60,St Lucia
Female,170,55,60,25,24,Blue,1,Alone,2,Freeze time,Yes,Right,5,Bus,23,St Lucia
Female,179,95,84,24.4,25,Blue,3,College,5,Invisibility,Yes,Right,4,Car,95,Gatton
Female,175,78,70,25,23,Green,6,Shared Flat/House,5,Freeze time,Yes,Right,4,Bus,14,St Lucia
Female,160,46,72,25,15,Brown,5,Home,6,Freeze time,Yes,Right,4,Bus,35,St Lucia
Male,180,75,82,30,18,Hazel,7,College,7,Super strength,Yes,Right,5,Walk,1,Gatton
Female,158,48,70,25,16,Brown,8,Home,7,Fly,No,Right,4,Bus,45,St Lucia
Male,189,78,60,28,24,Green,7,College,7,Freeze time,Yes,Right,2,Walk,4,St Lucia
Female,157,53,90,29,11,Black,6,Home,6,Freeze time,Yes,Right,4,Car,49,St Lucia
Female,164,63,62,24.5,15,Brown,5,Alone,6,Invisibility,Yes,Right,4,Walk,15,St Lucia
Female,163,58.9,64,22.8,8,Green,7,Other,4,Telepathy,Yes,Left,4,Car,7,Gatton
Female,161,60,66,22,13,Blue,6,Home,6,Invisibility,Yes,Right,4,Bus,45,St Lucia
Female,167,53,86,23,18,Brown,6,Shared Flat/House,4,Fly,No,Left,3,Walk,10,St Lucia
Female,170,60,80,26,18,Blue,7,Home,6,Telepathy,Yes,Right,4,Car,60,St Lucia
Female,159,45,75,28,18,Brown,5,Home,5,Freeze time,Yes,Right,4,Bus,60,St Lucia
Female,150,48,99,18,16,Brown,6,Home,4,Invisibility,Yes,Right,4,Train,60,St Lucia
Female,171,85,61,28,16,Green,6,Shared Flat/House,5,Fly,Yes,Left,4,Car,10,Gatton
Female,167,59,84,23,18,Green,7,Home,5,Telepathy,Yes,Right,5,Train,140,Gatton
Female,162,46,60,23,11,Hazel,5,Shared Flat/House,5,Invisibility,Yes,Right,5,Bus,15,St Lucia
Male,182,82,64,28.5,15,Brown,5,Shared Flat/House,5,Fly,Yes,Right,3,Car,90,St Lucia
Female,164,50,66,22,11,Blue,7,Shared Flat/House,6,Fly,Yes,Right,4,Bus,25,St Lucia
Female,164,58,72,20,17,Brown,5,Shared Flat/House,5,Fly,Yes,Left,4,Car,10,Gatton
Female,172,82,80,24,18,Green,3,Home,5,Super strength,Yes,Left,5,Car,45,Gatton
Female,167,83,80,26,20,Brown,3,Shared Flat/House,5,Telepathy,Yes,Right,2,Walk,10,St Lucia
Female,174,50,96,20,26,Green,7,Home,5,Freeze time,No,Right,5,Car,100,Gatton
Female,154,52.5,64,36,25,Brown,6,College,6,Freeze time,No,Right,4,Car,75,Gatton
Male,178,75,60,30,0,Brown,7,Shared Flat/House,7,Telepathy,Yes,Right,2,Bus,25,St Lucia
Female,153,82,76,21,12,Black,3,Home,5,Fly,Yes,Right,2,Train,55,St Lucia
Female,175,66,70,23,16,Blue,5,Shared Flat/House,6,Fly,Yes,Right,4,Car,4,St Lucia
Female,158,54,88,23,18,Black,7,Shared Flat/House,6,Freeze time,Yes,Right,3,Bus,50,St Lucia
Male,181,100,64,28,22,Blue,6,Home,6,Freeze time,Yes,Right,4,Car,26,St Lucia
Female,162,45,100,24,20,Brown,5,Home,5,Fly,No,Right,4,Train,50,St Lucia
Female,161,51,72,23,15,Brown,7,Alone,6,Freeze time,Yes,Right,4,Bus,40,St Lucia
Female,173,57,78,15,16,Blue,10,Home,7,Invisibility,No,Right,5,Bus,50,St Lucia
Male,180,120,74,40,8,Blue,5,College,5,Invisibility,Yes,Right,4,Walk,15,Gatton
Female,156,65,120,15,18,Green,7,Shared Flat/House,7,Telepathy,Yes,Right,1,Car,20,Gatton
Male,196,85,78,32,32,Brown,7,Shared Flat/House,6,Fly,No,Right,4,Car,8,Gatton
Male,187,76,76,28,22,Blue,8,Home,7,Freeze time,Yes,Right,5,Car,17,St Lucia
Female,171,75,78,26,20,Blue,4,Shared Flat/House,7,Invisibility,Yes,Right,3,Car,5,Gatton
Female,180,60,66,24,16,Hazel,7,Home,5,Invisibility,No,Right,5,Car,20,St Lucia
Female,160,47,90,23,14,Brown,6,Home,6,Telepathy,Yes,Right,4,Bus,50,St Lucia
Female,163,64,78,35,20,Brown,5,Shared Flat/House,7,Freeze time,No,Right,5,Walk,15,St Lucia
Female,165,57,70,21,17,Brown,7,Home,5,Super strength,Yes,Right,5,Car,90,Gatton
Male,188,93,100,26,16,Blue,10,Shared Flat/House,7,Freeze time,Yes,Right,4,Bus,13,St Lucia
Female,175,55,124,25,10,Blue,3,College,4,Invisibility,No,Right,4,Car,90,Gatton
Female,168,55,84,36,9,Hazel,4,Home,7,Telepathy,No,Left,4,Car,180,Gatton
Male,178,75,112,25,18,Brown,6,Shared Flat/House,6,Freeze time,Yes,Right,2,Bus,20,St Lucia
Female,176,70,68,23,18,Brown,2,Shared Flat/House,6,Super strength,Yes,Right,5,Bus,30,St Lucia
Male,183,80,73,31,15,Hazel,7,Shared Flat/House,6,Freeze time,Yes,Right,4,Bus,35,St Lucia
Female,173,65,64,24,16,Black,6,Home,5,Fly,Yes,Left,4,Bus,35,St Lucia
Female,167,54,58,20.5,13,Hazel,7,College,7,Fly,Yes,Right,5,Walk,7,St Lucia
Male,186,67,80,30,28,Brown,7,Home,6,Super strength,Yes,Right,5,Bus,75,St Lucia
Female,180,66,56,23.5,18,Hazel,6,College,5,Fly,Yes,Right,4,Walk,3,St Lucia
Female,165,50,65,28,8,Brown,8,Home,7,Telepathy,Yes,Left,4,Bus,45,St Lucia
Male,177,73,72,24,16,Brown,5,Home,7,Freeze time,Yes,Right,3,Train,70,St Lucia
Male,197,108,74,27,20,Brown,7,Home,6,Invisibility,Yes,Right,5,Train,45,St Lucia
Female,170,70,88,23,15,Brown,10,Home,5,Fly,Yes,Right,4,Bus,35,St Lucia
Male,176,100,100,30,14,Brown,1,College,4,Freeze time,Yes,Right,1,Walk,7,St Lucia
Male,175,61,78,27,37,Black,5,Home,7,Fly,No,Right,4,Bus,70,St Lucia
Male,182,82,66,32,18,Green,7,Home,6,Fly,Yes,Right,5,Bike,30,St Lucia
Female,182.5,80,62,35,17,Brown,6,Home,6,Fly,Yes,Right,5,Bus,90,St Lucia
Female,180,80,64,24,24,Brown,1,College,5,Freeze time,No,Left,2,Walk,3,Gatton
Female,175,74,62,36,15,Green,7,Home,6,Super strength,Yes,Left,4,Car,90,Gatton
Female,173,72.5,62,25,15,Blue,7,College,6,Fly,Yes,Right,5,Car,282,Gatton
Male,178.5,71.5,56,26,22,Brown,7,Home,5,Freeze time,Yes,Right,4,Bus,61,St Lucia
Female,175,70,84,24,18,Green,6,College,6,Fly,No,Right,3,Walk,4,St Lucia
Female,174,57.8,80,25.5,7,Hazel,7,Shared Flat/House,6,Invisibility,Yes,Right,4,Car,14,Gatton
Female,165,72,82,26,16,Hazel,4,Home,7,Fly,Yes,Right,4,Car,40,St Lucia
Female,175,63,76,36,16,Hazel,8,Home,5,Telepathy,Yes,Right,4,Bus,50,St Lucia
Male,180,70,68,29,22,Brown,8,Home,6,Freeze time,Yes,Right,4,Bus,50,St Lucia
Female,165,49,60,25,14,Blue,6,College,6,Fly,Yes,Right,5,Walk,9,St Lucia
Female,173,78.5,68,25.4,25.5,Brown,6,College,6,Invisibility,Yes,Right,5,Walk,2,Gatton
Male,177,90,70,28,20,Black,6,Shared Flat/House,7,Telepathy,Yes,Right,4,Walk,10,St Lucia
Female,172,52,86,28,24,Brown,7,Home,5,Freeze time,Yes,Right,3,Bus,47,St Lucia
Female,172,80,68,28,15,Hazel,5,Home,4,Fly,Yes,Right,3,Car,55,St Lucia
Male,175,65,86,23,18,Brown,6,Home,5,Invisibility,Yes,Right,4,Train,110,St Lucia
Male,180,80,120,30,24,Black,9,Shared Flat/House,7,Telepathy,Yes,Right,5,Bus,20,St Lucia
Female,169,54,60,25,19,Brown,6,Shared Flat/House,5,Fly,Yes,Left,4,Walk,5,St Lucia
Male,174,60,70,26,6,Brown,8,Home,6,Freeze time,Yes,Right,2,Bus,40,St Lucia
Male,187,87,85,26,16,Blue,1,Shared Flat/House,2,Fly,No,Right,1,Ferry,60,Gatton
Male,170,70,68,27,17,Brown,6,College,7,Freeze time,Yes,Right,4,Walk,10,St Lucia
Female,165,60,98,23,15,Blue,8,Shared Flat/House,6,Telepathy,Yes,Right,4,Car,60,St Lucia
Female,180,68,60,23,11,Brown,4,Home,6,Telepathy,No,Right,4,Bus,57,St Lucia
Female,168,60,40,30,9,Brown,5,Shared Flat/House,4,Invisibility,Yes,Right,4,Bus,25,St Lucia
Female,178,91,72,26,14,Green,4,Shared Flat/House,6,Fly,No,Right,4,Car,10,Gatton
Female,153,49,74,23,20,Brown,5,Home,7,Freeze time,No,Right,1,Bus,30,St Lucia
Male,180,85,68,38,16,Brown,10,Shared Flat/House,5,Fly,Yes,Right,4,Car,10,Gatton
Male,175,69,55,27,16,Hazel,10,Alone,2,Invisibility,Yes,Right,4,Car,1,Gatton
Female,170,78,80,24,17,Green,6,Home,6,Freeze time,No,Right,3,Train,55,St Lucia
Male,184,65,62,29,25,Blue,10,Shared Flat/House,6,Freeze time,Yes,Right,4,Bus,35,St Lucia
Female,165,70,72,23,16,Blue,9,Other,7,Fly,Yes,Left,3,Car,40,Gatton
Female,165,48,64,38,16,Hazel,7,College,6,Fly,Yes,Right,5,Walk,2,St Lucia
Female,165,52,76,23,14,Blue,7,Home,7,Fly,Yes,Right,4,Bus,20,St Lucia
Male,187,80,48,28,18,Brown,10,Shared Flat/House,5,Freeze time,Yes,Left,5,Walk,5,St Lucia
Female,165,55,64,26,17,Brown,8,Home,6,Fly,Yes,Right,4,Train,180,St Lucia
Female,173,90,28,28,8,Blue,3,Shared Flat/House,5,Fly,Yes,Right,1,Car,20,Gatton
Male,175,70,76,23,20,Brown,7,Home,6,Invisibility,Yes,Right,5,Bus,25,St Lucia
Male,178,73,76,25,22.6,Brown,3,Shared Flat/House,5,Invisibility,Yes,Right,3,Walk,25,St Lucia
Male,173,95,70,27,19,Hazel,6,Shared Flat/House,5,Telepathy,Yes,Right,4,Walk,40,St Lucia
Male,180,75,70,40,16,Hazel,10,Home,4,Fly,Yes,Right,5,Bus,90,St Lucia
Male,189,78,54,32,12,Green,10,College,7,Telepathy,Yes,Left,5,Walk,1.36,St Lucia
Female,172,51,109,35,8,Green,5,Shared Flat/House,5,Telepathy,Yes,Right,4,Car,9,Gatton
Male,170,65,75,28,23,Green,7,College,6,Fly,Yes,Right,4,Walk,5,St Lucia
Male,166,53,75,35,8,Hazel,6,Shared Flat/House,7,Telepathy,Yes,Right,5,Walk,15,St Lucia
Female,162,65,68,23,16,Hazel,4,Home,5,Telepathy,Yes,Right,4,Car,30,St Lucia
Female,170,57,72,24,16,Green,9,Home,5,Freeze time,Yes,Right,4,Bus,50,St Lucia
Male,183,74,58,29,7,Green,7,Home,5,Invisibility,Yes,Right,4,Car,116,St Lucia
Female,176,70,70,23,21,Brown,7,Shared Flat/House,6,Freeze time,Yes,Right,4,Bus,25,St Lucia
Male,175,67,80,28,11,Blue,10,Home,6,Fly,Yes,Right,5,Car,40,Gatton
Male,182,72,75,26,14,Green,5,College,7,Fly,Yes,Right,5,Car,60,St Lucia
Female,162,52,96,25.5,16,Hazel,6,Home,5,Super strength,Yes,Right,4,Car,60,St Lucia
Male,181,75,72,28,30,Black,6,Home,7,Fly,Yes,Right,4,Bus,20,St Lucia
Female,165,54,76,25,17,Brown,6,Home,7,Freeze time,No,Right,5,Train,45,St Lucia
Female,165,65,55,20,24,Hazel,6,College,5,Invisibility,Yes,Right,5,Walk,1,Gatton
Female,170,88,78,24,20,Brown,5,Shared Flat/House,4,Freeze time,Yes,Right,4,Car,10,Gatton
Female,167,53,70,21,16,Brown,10,Home,5,Telepathy,Yes,Right,5,Car,30,St Lucia
Female,173,70,70,33,8,Hazel,4,Shared Flat/House,6,Fly,Yes,Right,3,Car,7,Gatton
Female,167,90,72,23,16,Brown,3,College,4,Fly,Yes,Right,4,Walk,2,Gatton
Female,175,58,80,22,20,Blue,8,Home,6,Telepathy,Yes,Right,2,Car,55,Gatton
Female,163,57.5,120,23,18,Hazel,6,Home,5,Fly,Yes,Right,4,Bus,20,St Lucia
Male,193,90,62,26,14,Blue,8,College,5,Fly,Yes,Right,4,Walk,10,St Lucia
Female,163,60,120,23,13,Hazel,10,Home,4,Freeze time,Yes,Right,3,Car,45,Gatton
Female,156,50,60,21,15,Hazel,6,Home,5,Telepathy,No,Left,4,Train,60,St Lucia
Female,161,60,56,23,16,Blue,7,Home,6,Telepathy,No,Right,5,Bus,60,St Lucia
Female,158,64,63,30,27,Blue,9,Home,5,Invisibility,Yes,Right,1,Bus,10,St Lucia
Male,179,70.9,68,26,20,Blue,4,Shared Flat/House,6,Freeze time,Yes,Right,5,Bus,9,St Lucia
Female,168,65,70,25,16,Hazel,7,Home,6,Fly,Yes,Left,5,Train,45,St Lucia
Female,165,55,50,21,7,Brown,8,Home,5,Fly,Yes,Left,5,Bus,40,St Lucia
Female,165,53,74,37,21,Black,7,Home,7,Invisibility,Yes,Left,4,Bus,15,St Lucia
Male,192,90,62,30,11,Hazel,7,Home,7,Telepathy,No,Right,5,Bus,15,St Lucia
Male,174,61,74,25,19,Green,8,Home,5,Invisibility,Yes,Right,4,Train,45,St Lucia
Male,187,96,72,17.5,13,Green,3,Home,6,Freeze time,Yes,Right,2,Train,35,St Lucia
Male,187,65,72,25,16,Blue,6,Shared Flat/House,6,Fly,Yes,Right,2,Bus,7,St Lucia
Male,187,85,65,25,17,Hazel,6,College,7,Telepathy,Yes,Right,4,Walk,5,St Lucia
Male,180,81,84,27,20,Blue,7,College,7,Telepathy,Yes,Right,4,Walk,10,St Lucia
Male,180,55,80,25,16,Hazel,5,Home,6,Fly,Yes,Right,3,Train,20,St Lucia
Female,171,90,60,22,20,Blue,5,Shared Flat/House,6,Invisibility,Yes,Right,2,Car,10,Gatton
Female,159,50,62,28,24,Blue,8,Shared Flat/House,7,Fly,No,Right,4,Bus,30,St Lucia
Female,163,68,67,25,13,Blue,2,Shared Flat/House,5,Freeze time,Yes,Right,4,Car,2,Gatton
Female,165,55,72,24,16,Green,6,College,7,Telepathy,Yes,Right,2,Walk,5,Gatton
Female,159,47,75,24,15,Green,4,Home,6,Telepathy,No,Right,4,Bus,30,St Lucia
Male,185,95,110,36,28,Blue,7,College,7,Fly,Yes,Right,4,Walk,10,St Lucia
Female,174,75,62,24,30,Hazel,5,Home,6,Super strength,Yes,Right,4,Bus,10,St Lucia
Female,154,51,44,21,18,Black,6,Home,7,Telepathy,Yes,Right,4,Bus,120,St Lucia
Female,172,69,64,26,13,Blue,7,Home,4,Invisibility,Yes,Right,4,Car,60,Gatton
Male,179,80.9,84,26,16,Blue,3,Home,5,Invisibility,Yes,Left,3,Car,120,St Lucia
Female,174,53,80,27,20,Black,5,Home,5,Fly,No,Right,2,Train,60,St Lucia
Male,174,90.5,85,25,16.1,Green,1,Shared Flat/House,4,Fly,Yes,Right,5,Car,6.2,Gatton
Male,178,60,80,27,21,Brown,7,College,6,Freeze time,Yes,Right,4,Walk,8,St Lucia
Female,167,80,80,25,16,Blue,1,Shared Flat/House,4,Freeze time,Yes,Right,2,Bike,50,St Lucia
Male,173,70,66,28,23,Black,7,Shared Flat/House,6,Telepathy,Yes,Right,4,Walk,10,St Lucia
Female,166,54,90,25,14,Brown,4,Home,5,Freeze time,No,Right,3,Bus,25,St Lucia
Female,176,50,82,24.5,17,Blue,5,Shared Flat/House,6,Fly,No,Right,4,Car,15,Gatton
Female,166,60,98,20,18,Green,4,Home,5,Telepathy,Yes,Right,4,Bus,30,St Lucia
Male,178,70,78,22,14,Blue,8,College,6,Fly,Yes,Left,5,Walk,2,Gatton
Male,183,98,78,27,16,Blue,6,College,5,Super strength,Yes,Right,5,Walk,2,St Lucia
Female,162,52,84,24,20,Green,6,Shared Flat/House,6,Invisibility,Yes,Right,4,Bus,15,St Lucia
Male,170,68,106,28,18,Brown,5,Home,7,Freeze time,Yes,Right,1,Train,60,St Lucia
Female,168,53,52,24,17,Green,6,College,6,Fly,Yes,Right,5,Walk,10,St Lucia
Female,159,49,70,19,12,Green,5,Home,5,Fly,Yes,Right,4,Car,30,St Lucia
Female,169,72,80,25,18,Brown,6,College,6,Telepathy,Yes,Left,4,Walk,2,Gatton
Male,185,85,66,28.5,15,Brown,8,Home,6,Freeze time,Yes,Right,4,Car,10,St Lucia
Female,170,63,62,24,30,Green,7,Shared Flat/House,5,Telepathy,No,Right,2,Car,10,Gatton
Male,173,53,68,26.5,15,Brown,5,Shared Flat/House,6,Freeze time,Yes,Right,4,Bus,35,St Lucia
Female,169,53,82,23,17,Blue,5,College,6,Invisibility,Yes,Right,4,Walk,1,St Lucia
Female,176,64,56,23,15,Blue,6,Home,5,Telepathy,Yes,Right,5,Car,15,St Lucia
Female,178,64,80,19,8,Brown,1,Shared Flat/House,5,Freeze time,Yes,Right,3,Car,10,Gatton
Female,176,63,56,25,15,Blue,8,Home,5,Fly,Yes,Right,4,Car,58,Gatton
Male,182,63,64,28,24,Black,7,Home,7,Fly,Yes,Right,4,Bus,75,St Lucia
Female,156,53,104,22,22,Blue,5,Home,5,Invisibility,No,Right,4,Car,90,Gatton
Female,168,58,64,25,24,Brown,7,Home,5,Freeze time,No,Right,4,Bus,60,St Lucia
Female,165,45,72,22,33,Hazel,6,Shared Flat/House,6,Invisibility,Yes,Right,3,Bus,40,St Lucia
Female,183,112,92,24,14,Brown,2,Home,4,Fly,Yes,Right,4,Car,90,Gatton
Female,165,70,72,25,25,Blue,6,College,6,Freeze time,Yes,Right,4,Walk,15,St Lucia
Female,160,50,74,25,19,Brown,8,College,5,Fly,No,Right,4,Walk,6,St Lucia
Male,178,64,94,25,16,Blue,7,Home,7,Fly,No,Right,5,Bus,16,St Lucia
Male,184,79,78,25,16,Blue,8,Home,7,Freeze time,Yes,Right,5,Bus,40,St Lucia
Female,170,58,82,30,27,Brown,5,Shared Flat/House,4,Fly,Yes,Right,3,Car,10,Gatton
Female,150,75,122,23,12,Brown,8,Alone,7,Fly,Yes,Left,5,Walk,60,Gatton
Male,175,68,52,30,28,Brown,10,Shared Flat/House,7,Telepathy,Yes,Right,5,Car,5,Gatton
Female,170,97,104,23,8,Brown,6,College,5,Invisibility,No,Right,4,Walk,3,Gatton
Female,171,44,60,28,25,Brown,7,Shared Flat/House,5,Fly,Yes,Right,4,Bus,5,St Lucia
Male,180,62,78,25,14,Brown,6,Home,6,Fly,Yes,Right,4,Bus,16,St Lucia
Female,172,60,62,28,24,Brown,1,Home,4,Super strength,Yes,Right,4,Train,45,St Lucia
Female,165,60,66,23,20,Brown,6,Home,6,Fly,Yes,Right,4,Car,30,St Lucia
Male,180,110,70,35,20,Brown,3,Shared Flat/House,5,Fly,Yes,Right,5,Bus,35,St Lucia
Female,175,65,72,25,15,Blue,7,Shared Flat/House,5,Freeze time,Yes,Right,5,Car,10,Gatton
Male,165,66,75,24.5,14,Black,6,College,7,Super strength,No,Right,4,Walk,5,St Lucia
Male,180,70,74,29,18,Blue,2,Home,5,Invisibility,No,Right,2,Bus,60,St Lucia
Female,168,54,62,25,16,Brown,5,Home,6,Freeze time,Yes,Right,5,Car,26,St Lucia
Female,159,47,68,23,21,Hazel,6,College,6,Fly,Yes,Right,4,Walk,15,St Lucia
Male,177,74,72,27,16,Brown,2,Shared Flat/House,7,Freeze time,No,Right,2,Walk,15,St Lucia
Male,184,65,86,29.5,29,Green,7,Shared Flat/House,5,Super strength,Yes,Right,4,Train,60,St Lucia
Female,160,70,74,21,16,Brown,6,Home,6,Fly,Yes,Right,4,Car,15,St Lucia
Male,165,45,62,26,16,Brown,5,Home,5,Freeze time,Yes,Right,2,Car,25,St Lucia
Female,159,56,50,39,13,Black,6,Home,7,Telepathy,No,Right,3,Bus,45,St Lucia
Female,156,62,64,21,20,Blue,4,Home,6,Telepathy,Yes,Right,2,Train,60,St Lucia
Male,176,74,70,24,18,Blue,4,Home,5,Freeze time,No,Right,4,Train,50,St Lucia
Female,165,55,60,21,20,Blue,6,Other,5,Invisibility,Yes,Right,5,Car,150,Gatton
Female,159,57,78,24,16,Hazel,4,Home,5,Telepathy,No,Right,5,Train,50,St Lucia
Male,176,69,64,32,15,Brown,8,Home,5,Telepathy,Yes,Right,5,Car,10,St Lucia
Female,167,49,72,23,20,Brown,10,Home,7,Freeze time,No,Right,2,Bus,30,St Lucia
Male,180,107,74,25,8,Blue,4,College,5,Freeze time,Yes,Left,5,Walk,10,Gatton
Male,180,75,64,27,15,Brown,5,Home,6,Invisibility,Yes,Right,5,Train,140,St Lucia
Female,166,48,75,26,14,Blue,5,Home,6,Fly,Yes,Right,4,Train,65,St Lucia
Female,183,83,62,35,16,Blue,4,Home,5,Fly,Yes,Left,4,Car,30,St Lucia
Male,174,105,90,35,26,Hazel,5,Home,4,Super strength,Yes,Right,3,Train,80,St Lucia
Female,168,66,38,23,23,Hazel,6,Home,4,Invisibility,Yes,Right,3,Car,40,St Lucia
Male,175,78,58,35,26,Brown,8,Home,5,Super strength,No,Right,4,Bike,13,St Lucia
Male,168,68,66,26,15,Black,6,Shared Flat/House,7,Freeze time,Yes,Right,4,Bus,50,St Lucia
Female,158,50,96,21,17,Brown,5,College,6,Invisibility,Yes,Right,4,Walk,2,St Lucia
Female,170,71,121,25,5,Hazel,3,Home,4,Fly,Yes,Right,5,Train,96,St Lucia
Female,169,69,88,25,13.5,Hazel,7,College,6,Freeze time,Yes,Right,4,Walk,10,St Lucia
Male,183,76,60,24,13.5,Hazel,8,Shared Flat/House,6,Fly,No,Right,3,Bike,20,St Lucia
Female,166,57,84,25,24,Green,8,College,7,Telepathy,No,Right,5,Walk,10,St Lucia
Male,175,69,79,24,16,Blue,5,Shared Flat/House,5,Telepathy,Yes,Right,3,Walk,15,St Lucia
Female,153,56,74,28,18,Brown,4,Home,6,Fly,Yes,Right,5,Walk,35,St Lucia
Male,185,68,90,40,20,Brown,7,Home,6,Fly,Yes,Right,4,Car,90,Gatton
Male,198,87,68,30,22,Blue,7,Home,6,Freeze time,Yes,Right,5,Car,15,St Lucia
Male,185,80,70,26,16,Blue,8,Home,4,Invisibility,Yes,Right,4,Train,60,St Lucia
Female,163,55,54,30,20,Blue,3,Shared Flat/House,5,Freeze time,Yes,Right,4,Bus,20,St Lucia
Female,175,63,80,21,16,Brown,7,Shared Flat/House,4,Telepathy,Yes,Left,4,Bus,15,St Lucia
Female,164,55,78,24.5,12,Black,4,College,5,Fly,Yes,Right,5,Bus,10,St Lucia
Female,167,91,86,22,18,Blue,6,Home,5,Fly,Yes,Left,4,Bus,20,St Lucia
Male,186,68,56,26,17,Blue,8,Home,6,Fly,Yes,Right,4,Car,180,Gatton
Female,176,105,85,25,22,Brown,2,College,5,Freeze time,No,Right,3,Walk,0,Gatton
Female,163,46,76,24,13,Brown,7,College,6,Fly,Yes,Right,4,Walk,5,St Lucia
Male,173,86,88,30,15,Black,7,Home,6,Invisibility,No,Right,4,Train,30,St Lucia
Male,185,85,60,27,14,Blue,7,Shared Flat/House,5,Freeze time,Yes,Right,4,Bus,10,St Lucia
Female,168,62,64,25,14,Blue,6,Other,5,Fly,Yes,Right,4,Car,60,Gatton
Male,181,83.1,78,29,8,Hazel,7,Shared Flat/House,7,Freeze time,No,Right,5,Walk,20,St Lucia
Male,172,56,86,27,28,Brown,6,Home,6,Freeze time,No,Left,4,Train,50,St Lucia
Male,173,50,76,30,11,Blue,4,Shared Flat/House,4,Fly,Yes,Right,3,Walk,20,St Lucia
Female,170,70,88,25,26,Brown,7,Home,6,Super strength,Yes,Right,4,Car,1.5,St Lucia
Male,180,63,74,30,9,Brown,7,Home,7,Super strength,Yes,Right,3,Bus,15,St Lucia
Female,169,52,67,24,11,Brown,6,Shared Flat/House,6,Invisibility,Yes,Right,3,Bus,15,St Lucia
Female,149,40,62,25,22,Brown,5,Home,5,Fly,No,Right,4,Bus,20,St Lucia
Female,172,95,96,23.5,16,Blue,4,Shared Flat/House,4,Freeze time,Yes,Right,4,Bus,5,St Lucia
Female,164,79,70,24,24,Blue,5,College,5,Telepathy,Yes,Right,5,Walk,5,Gatton
Male,191,83,66,28.3,15,Brown,6,Shared Flat/House,6,Fly,Yes,Right,4,Train,25,St Lucia
Female,171,40,70,22.5,9,Blue,5,College,7,Fly,Yes,Right,4,Walk,0,Gatton
Female,172,76.3,80,26,14,Blue,6,Alone,4,Fly,Yes,Right,4,Car,25,Gatton
Female,167,59.1,90,23,21,Blue,5,College,6,Telepathy,Yes,Right,5,Walk,10,St Lucia
Female,173,60,60,26,11,Blue,1,College,7,Invisibility,Yes,Right,5,Car,0,Gatton
Female,168,61,34,26,14,Brown,8,Shared Flat/House,7,Freeze time,Yes,Right,4,Bus,45,St Lucia
Male,181,80,80,24,16,Blue,6,Shared Flat/House,5,Fly,Yes,Right,5,Car,17,Gatton
Male,186,80,54,23,9,Green,6,College,5,Freeze time,Yes,Right,4,Walk,15,St Lucia
Female,173,67,64,24,18,Brown,7,Home,7,Freeze time,No,Right,4,Walk,6,St Lucia
Male,184,115,102,27,18,Green,6,College,6,Fly,Yes,Right,1,Walk,5,St Lucia
Female,168,65,88,24,14,Brown,6,Home,4,Freeze time,Yes,Right,4,Car,75,Gatton
Male,196,90,79,28,10,Hazel,5,Home,5,Invisibility,Yes,Left,3,Walk,0,Gatton
Male,188,79,74,28,20,Brown,3,College,6,Telepathy,Yes,Right,3,Car,60,Gatton
Female,160,49,60,30,6,Hazel,9,Home,4,Freeze time,Yes,Right,3,Bus,20,St Lucia
Male,180,78,42,30,20,Blue,10,Home,7,Super strength,Yes,Right,4,Car,25,St Lucia
Male,182,73.8,72,28,16,Brown,7,Home,7,Freeze time,No,Right,4,Bike,35,St Lucia
Female,168,52,80,27.5,13,Brown,3,Home,7,Freeze time,Yes,Right,4,Bus,30,St Lucia
Female,170,70,68,26,18,Green,4,College,5,Fly,Yes,Right,4,Car,150,Gatton
Female,172,78,68,26,8.5,Blue,8,Home,5,Fly,No,Right,4,Train,125,St Lucia
Male,175,88,70,25,18,Brown,8,Home,6,Fly,Yes,Right,4,Bus,60,St Lucia
Female,175,54,78,23.5,24,Brown,5,Home,6,Telepathy,Yes,Right,4,Bus,20,St Lucia
Male,170,65,90,29,17,Brown,1,Home,7,Freeze time,No,Right,1,Bus,150,St Lucia
Male,187,87,56,30,8,Brown,10,College,6,Super strength,Yes,Right,5,Train,1,St Lucia
Male,180,61,72,26,9,Brown,1,Shared Flat/House,5,Freeze time,Yes,Right,4,Bus,30,St Lucia
Female,169,71,62,22,16,Blue,8,Home,5,Freeze time,Yes,Right,2,Train,90,St Lucia
Male,173,55,74,32,26,Blue,7,Home,6,Freeze time,Yes,Right,2,Train,180,St Lucia
Female,177,55,80,25,18,Blue,7,Home,5,Freeze time,No,Right,5,Car,15,St Lucia
Female,156,48,74,22,18,Black,3,Shared Flat/House,5,Fly,No,Left,4,Bus,25,St Lucia
Male,184,85,96,32,20,Black,7,Alone,6,Freeze time,No,Right,3,Bus,12,St Lucia
Male,173,73,50,40,12,Blue,7,Home,6,Freeze time,Yes,Right,4,Train,50,St Lucia
Male,181,100,34,25,15,Brown,8,College,6,Freeze time,No,Right,3,Car,6,St Lucia
Male,187,70,66,29,20,Brown,10,Home,6,Freeze time,Yes,Right,4,Car,16,Gatton
Male,173,60,70,28,18,Brown,6,Shared Flat/House,5,Telepathy,Yes,Right,4,Bus,30,St Lucia
Female,165,98,84,25,17,Blue,3,College,6,Telepathy,Yes,Right,2,Walk,5,Gatton
Female,160,56,58,24,15,Brown,5,Home,4,Freeze time,No,Right,3,Train,45,St Lucia
Female,174,60,82,23,10,Hazel,10,College,7,Invisibility,Yes,Left,5,Walk,10,Gatton
Male,178,110,60,28,20,Brown,1,Alone,2,Freeze time,Yes,Right,1,Bus,50,St Lucia
Female,157,40,58,26,20,Blue,5,Shared Flat/House,6,Fly,No,Right,4,Walk,5,St Lucia
Female,169,58,66,25,23,Brown,7,Home,5,Freeze time,No,Left,4,Bus,60,St Lucia
Male,176,80,60,40,12,Brown,5,Other,6,Invisibility,Yes,Right,4,Bus,15,St Lucia
Female,157,54,80,24,15,Green,10,Alone,7,Telepathy,Yes,Right,5,Bus,30,St Lucia
Male,165,60,120,39,4,Brown,10,Shared Flat/House,7,Fly,Yes,Left,5,Bus,5,St Lucia
Male,183,72,63,32,16,Brown,6,College,7,Fly,Yes,Right,5,Walk,15,St Lucia
Female,165,80,70,28,24,Blue,6,Home,6,Freeze time,No,Right,4,Car,30,Gatton
Female,153,55,78,22,28,Green,8,Home,5,Invisibility,Yes,Right,5,Bus,40,St Lucia
Male,173,60,69,30,18,Brown,6,College,6,Fly,Yes,Right,4,Walk,10,St Lucia
Female,172,61,78,28,15,Green,7,Shared Flat/House,7,Fly,Yes,Right,3,Car,13,Gatton
Female,157,53,72,21,13,Brown,5,Shared Flat/House,5,Freeze time,No,Right,2,Bus,10,St Lucia
Female,158,68,74,23,18,Blue,5,Home,7,Invisibility,Yes,Right,3,Car,15,Gatton
Male,178,65,72,24.5,28,Brown,7,Shared Flat/House,5,Invisibility,Yes,Right,4,Bus,40,St Lucia
Female,167,56,80,24,8,Blue,6,Home,7,Telepathy,No,Right,5,Car,15,St Lucia
Male,174,64,62,27,15.25,Green,7,Shared Flat/House,6,Fly,Yes,Right,5,Bus,45,St Lucia
Female,176,55,70,34,9,Blue,6,Home,5,Telepathy,Yes,Right,4,Car,50,St Lucia
Female,170,57,61,25,10,Hazel,8,Home,5,Freeze time,No,Right,5,Train,50,St Lucia
Male,166,90,82,36,10,Green,10,College,7,Super strength,Yes,Right,4,Other,6,Gatton
Female,167,54,76,22,24,Hazel,10,Home,5,Fly,Yes,Left,5,Ferry,50,St Lucia
Female,160,50,78,30,17,Brown,5,Home,5,Freeze time,Yes,Right,4,Bus,40,St Lucia
Male,183,70,64,28,16,Blue,7,Shared Flat/House,6,Freeze time,Yes,Right,4,Car,15,St Lucia
Female,168,60,66,24,16,Blue,7,Home,6,Telepathy,Yes,Right,5,Train,60,St Lucia
Female,154,50,66,23,15,Brown,6,Shared Flat/House,7,Freeze time,Yes,Right,5,Bus,5,St Lucia
Male,180,80,90,28,14,Brown,10,Home,6,Freeze time,Yes,Right,3,Bus,80,St Lucia
Male,180,58.8,78,29,16,Blue,7,Home,7,Invisibility,No,Right,3,Bus,40,St Lucia
Male,171,68,74,26,16,Brown,7,Shared Flat/House,5,Freeze time,No,Right,4,Bus,30,St Lucia
Male,181,60,65,26,15,Blue,6,Shared Flat/House,6,Fly,Yes,Right,4,Walk,14,St Lucia
Male,186,76,72,26,15,Blue,8,Home,7,Invisibility,Yes,Right,5,Car,25,St Lucia
Female,168,58,70,24,18,Black,6,Home,6,Fly,Yes,Right,4,Bus,30,St Lucia
Female,165,53,88,21,18.5,Brown,6,Home,6,Freeze time,Yes,Right,4,Bus,40,St Lucia
Male,178,65,64,20,8,Brown,8,Shared Flat/House,7,Telepathy,No,Right,4,Bus,40,St Lucia
Female,171,90,86,23,12,Blue,5,College,4,Fly,Yes,Right,4,Car,120,Gatton
Female,163,58,82,22,14,Brown,10,College,6,Telepathy,Yes,Right,3,Walk,2,St Lucia
Female,176,76,82,26,15,Brown,6,Home,7,Telepathy,Yes,Right,4,Car,22,Gatton
Male,188,96,74,30,14,Brown,8,Shared Flat/House,7,Super strength,Yes,Right,5,Train,25,St Lucia
Female,175,75,60,24,15,Brown,1,Shared Flat/House,4,Telepathy,Yes,Right,3,Car,2,Gatton
Female,168.5,61.4,72,24,27,Blue,4,College,5,Fly,Yes,Right,4,Car,90,Gatton
Female,164,64,65,30,20,Blue,6,Shared Flat/House,7,Fly,Yes,Right,4,Car,15,St Lucia
Female,183,100,110,21,16,Brown,2,Home,5,Fly,Yes,Right,4,Car,60,Gatton
Female,163,49,76,21,20,Hazel,4,Home,4,Telepathy,No,Right,4,Bus,120,Gatton
Female,165,52,70,20,15,Brown,1,Home,5,Telepathy,Yes,Right,4,Train,25,St Lucia
Female,154,61,100,25,10,Blue,6,Shared Flat/House,5,Invisibility,Yes,Right,3,Car,10,St Lucia
Female,168,75,80,23,22,Black,7,Shared Flat/House,7,Fly,Yes,Right,5,Bus,15,St Lucia
Male,176,55,62,28,25,Brown,1,Shared Flat/House,6,Freeze time,Yes,Right,4,Bus,25,St Lucia
Male,180,65,56,25,20,Green,7,Shared Flat/House,5,Telepathy,Yes,Right,4,Bus,25,St Lucia
Female,169,60,96,23,14,Brown,4,Home,6,Fly,Yes,Right,4,Car,30,Gatton
Female,164,55,83,24,17,Brown,7,College,6,Fly,Yes,Right,5,Walk,5,St Lucia
Male,190,89,68,29,8,Brown,8,Home,7,Super strength,Yes,Right,4,Bus,20,St Lucia
Male,170,62,62,22,15,Black,6,Home,7,Telepathy,No,Right,4,Bus,20,St Lucia
Female,165,62,74,22,16,Blue,5,Shared Flat/House,6,Fly,Yes,Right,4,Car,15,Gatton
Male,195,70,62,30,22,Hazel,7,Home,7,Fly,Yes,Right,5,Car,80,St Lucia
Female,172,57,78,22,15,Green,8,Home,5,Freeze time,Yes,Right,4,Car,40,Gatton
Female,168,55,78,24,16,Brown,8,Home,6,Fly,Yes,Left,5,Car,25,St Lucia
Male,194,85,88,34,18,Blue,7,Home,6,Invisibility,Yes,Right,5,Car,20,St Lucia
Female,161,68,66,36,18,Blue,7,Home,5,Fly,No,Right,5,Train,50,St Lucia
Male,178,88,100,32,12,Hazel,7,Home,7,Freeze time,Yes,Right,4,Walk,15,St Lucia
Female,163,45,84,25,24,Brown,7,Shared Flat/House,6,Telepathy,Yes,Right,4,Car,5,St Lucia
Male,186,68,70,29,12,Green,7,College,6,Freeze time,Yes,Right,4,Walk,1,St Lucia
Female,163,58,80,21.5,30,Blue,7,Shared Flat/House,6,Fly,No,Right,5,Bus,38,St Lucia
Female,163,54,72,25,29,Blue,4,Home,5,Freeze time,Yes,Right,1,Car,45,St Lucia
Female,163,72,62,25,15,Hazel,4,Home,4,Fly,Yes,Right,3,Car,160,Gatton
Male,180,82,60,33,18,Hazel,1,Shared Flat/House,7,Fly,Yes,Right,3,Train,30,St Lucia
Male,175,60,100,35,15,Blue,5,Home,6,Freeze time,Yes,Right,5,Car,25,St Lucia
Male,190,81,72,30,18,Green,10,Shared Flat/House,6,Freeze time,Yes,Right,4,Bus,10,St Lucia
Female,178,124,86,26,18,Blue,2,Home,4,Fly,Yes,Right,3,Car,50,Gatton
Male,179,77,56,25.5,15,Brown,7,Home,6,Freeze time,Yes,Right,5,Bus,35,St Lucia
Female,159,53,78,22,13,Green,7,Shared Flat/House,6,Freeze time,Yes,Right,5,Car,15,Gatton
Female,165,52,84,23,16,Brown,5,Home,7,Telepathy,Yes,Right,5,Train,40,St Lucia
Female,185,80,75,24.5,12,Brown,10,Home,7,Telepathy,Yes,Right,4,Car,90,St Lucia
Female,165,65,76,30,21,Brown,8,Shared Flat/House,5,Fly,Yes,Right,4,Car,20,St Lucia
Female,163,65,72,28,15,Green,5,Home,6,Fly,Yes,Right,2,Train,240,St Lucia
Male,193,78,60,27,10,Hazel,1,Home,7,Fly,Yes,Right,5,Bus,45,St Lucia
Female,160,70,80,23,16,Green,2,College,5,Freeze time,No,Right,4,Walk,0,Gatton
Female,167,58,70,21,14,Blue,8,Shared Flat/House,6,Fly,No,Right,5,Walk,5,St Lucia
Female,159,54,60,25,18,Green,7,College,6,Telepathy,Yes,Right,4,Car,120,Gatton
Female,165,79,79,24,30,Blue,6,Home,5,Freeze time,Yes,Right,4,Car,45,Gatton
Male,170,63,104,28,3,Brown,8,College,7,Super strength,Yes,Right,5,Walk,1,St Lucia
Female,163,57,74,25.5,12,Blue,7,Home,6,Telepathy,No,Right,3,Bus,40,St Lucia
Female,168,58,84,24.2,17,Brown,5,Shared Flat/House,5,Freeze time,No,Right,4,Walk,36,St Lucia
Male,170,60,32,30,20,Brown,5,Shared Flat/House,6,Freeze time,Yes,Right,4,Bus,40,St Lucia
Male,187,70,80,31,25,Brown,5,Home,7,Invisibility,No,Right,5,Walk,12,St Lucia
Female,175,59,60,25,13,Green,7,College,5,Fly,Yes,Right,2,Walk,1,St Lucia
Female,172,60,84,22,18,Brown,5,Home,7,Freeze time,Yes,Right,4,Bus,60,St Lucia
Female,182,82,62,25,17,Green,6,College,5,Fly,Yes,Right,4,Walk,5,Gatton
Male,186,81,42,25.4,6,Blue,5,College,6,Invisibility,Yes,Right,5,Walk,15,St Lucia
