id,gender,GPA,age,postcode,program
0,F,6.24,28,4106,Bachelor Business Management/Arts
1,F,2.65,20,4067,Bachelor Business Management/Science
2,M,5.48,30,4065,Bachelor Engineering /Arts
3,M,4.87,32,4066,Bachelor Business Management/Arts
4,M,3.68,22,4104,Bachelor Science  - St Lucia
5,F,3.49,48,4104,Bachelor Information Technology/Arts
6,M,2.56,29,4104,Bachelor Mathematics/Science
7,M,5.06,41,4105,Bachelor Business Management/Science
8,F,5.84,41,4105,Bachelor Arts/Social Science
9,M,5.01,26,4064,Bachelor Arts/International Hotel and Tourism Management
10,F,3.52,35,4066,Bachelor Science (St Lucia)
11,M,6.05,27,4102,Bachelor Arts/International Hotel and Tourism Management
12,M,5.72,27,4069,Bachelor Business Management/Journalism
13,F,3.72,26,4103,Bachelor Business Management/Laws
14,M,6.01,32,4120,Bachelor Science/Arts
15,F,3.07,18,4101,Bachelor Commerce/Arts
16,F,2.51,26,4068,Bachelor Biotechnology
17,F,5.01,21,4120,Bachelor Mathematics/Science
18,M,3.66,38,4067,Bachelor Information Technology/Arts
19,M,4.3,57,4102,Bachelor Arts/International Hotel and Tourism Management
20,F,4.18,19,4105,Bachelor Economics/Arts
21,M,3.85,21,4067,Bachelor Mathematics/Science
22,M,6.03,19,4101,Bachelor Biomedical Science/Science
23,F,5.34,19,4068,Bachelor Journalism/Arts
24,M,4.36,47,4000,Bachelor Music /Science
25,M,3.84,21,4169,Bachelor Commerce/Arts
26,F,5.17,38,4075,Bachelor Journalism/Arts
27,M,5.46,40,4000,Bachelor Engineering /Information Technology
28,F,2.27,41,4066,Bachelor Science/Laws
29,M,5.78,32,4064,Bachelor Engineering /Arts
30,F,2.31,33,4101,Bachelor Arts/Social Science
31,F,5.1,35,4000,Bachelor Arts/Laws
32,M,6.16,48,4120,Bachelor Commerce/Science
33,M,5.28,21,4075,Bachelor Journalism/Arts
34,M,5.07,27,4065,Bachelor Science/Journalism
35,M,4.6,23,4120,Bachelor Arts/Social Science
36,M,6.28,26,4102,Bachelor Arts/Social Science
37,F,4.38,34,4120,Bachelor Economics/Arts
38,M,5.91,24,4169,Bachelor Business Management/Arts
39,M,4.28,53,4101,Bachelor Commerce/Arts
40,M,5.5,28,4105,Bachelor Business Management/International Hotel and Tourism Management
41,M,1.67,32,4101,Masters Computer Science (Management)
42,F,4.49,33,4067,Bachelor Arts/International Hotel and Tourism Management
43,F,3.52,23,4102,Bachelor Economics/Arts
44,F,6.19,31,4064,Bachelor Arts/Laws
45,M,5.44,49,4000,Bachelor Commerce/Science
46,M,6.25,30,4101,Bachelor Economics/Arts
47,F,2.26,22,4064,Bachelor Engineering  and Master of Engineering
48,M,4.9,24,4075,Bachelor Engineering
49,M,6.48,40,4075,Bachelor Mathematics/Arts
50,F,3.47,29,4106,Bachelor Arts/Education (Secondary)
51,M,5.65,27,4069,Bachelor Speech Pathology
52,,4.54,37,4068,Bachelor Arts/International Hotel and Tourism Management
53,M,1.29,30,4065,Bachelor Music /Arts
54,M,4.18,30,4102,Bachelor Business Management/Commerce
55,F,3.18,25,4075,Bachelor Music /Arts
56,,3.32,20,4120,Bachelor Arts/Education (Secondary)
57,M,3.46,50,4000,Bachelor Agribusiness/Sustainable Agriculture
58,M,4.03,31,4066,Bachelor Communication/Arts
59,M,4.39,23,4075,Bachelor Science/Laws
60,M,6.7,37,4000,Bachelor Arts/Laws
61,F,3.2,21,4064,Bachelor Commerce/Arts
62,F,5.49,25,4067,Bachelor Science/Journalism
63,M,5.72,44,4069,Diploma Arts
64,F,4.96,29,4120,Bachelor Mathematics/Commerce
65,F,3.65,28,4101,Bachelor Arts
66,M,5.98,42,4067,Bachelor Mathematics/Arts
67,M,5.63,19,4069,Bachelor Science/Arts
68,M,1.51,23,4000,Bachelor Journalism/Laws
69,F,3.98,44,4064,Bachelor Music /Arts
70,F,4.25,24,4065,Graduate Diploma Responsible Resource Development
71,M,5.23,27,4066,Bachelor Commerce /Information Technology
72,F,4.75,22,4067,Bachelor Commerce/Arts
73,M,4.58,43,4105,Bachelor Arts/International Hotel and Tourism Management
74,F,5.09,54,4066,"Masters Writing, Editing and Publishing [16 units]"
75,M,3.23,23,4067,Bachelor Information Technology/Arts
76,F,6.8,18,4101,Bachelor Commerce/Arts
77,F,4.98,47,4101,Bachelor Economics/Science
78,M,5.53,34,4075,Bachelor Biomedical Science/Science
79,F,4.48,19,4101,Bachelor Arts/International Hotel and Tourism Management
80,F,3.24,41,4075,Masters Molecular Biology (#16)
81,M,3.87,34,4169,Bachelor Science/Journalism
82,M,2.72,34,4068,Bachelor Arts/Social Science
83,,5.6,22,4103,Bachelor Business Management/Arts
84,F,6.27,26,4104,Bachelor Information Technology/Arts
85,F,4.8,30,4102,Bachelor Engineering /Commerce
86,M,5.32,41,4102,Bachelor Occupational Therapy
87,M,4.87,31,4103,Bachelor Mathematics/Arts
88,M,5.55,42,4101,Bachelor Information Technology/Arts
89,M,4.7,54,4106,Bachelor Communication/Arts
90,M,5.59,23,4120,Bachelor Journalism/Arts
91,F,6.42,30,4075,Bachelor Science (St Lucia)
92,M,4.06,69,4103,Bachelor Engineering
93,,3.01,57,4103,Bachelor Music /Science
94,,5.04,59,4075,Bachelor Commerce/Arts
95,M,3.15,27,4000,Bachelor Arts/International Hotel and Tourism Management
96,F,6.01,23,4066,Bachelor Business Management/Arts
97,F,4.62,27,4105,Bachelor Science/Journalism
98,M,2.22,37,4169,Bachelor Engineering
99,F,4.4,33,4105,Bachelor Arts/Social Science
100,M,5.8,25,4120,Bachelor Communication/Arts
101,,4.31,20,4066,Bachelor Information Technology/Arts
102,M,4.1,23,4104,Bachelor Mathematics/Arts
103,F,6.44,43,4069,Bachelor Mathematics/Arts
104,M,5.64,38,4069,Bachelor Business Management/Arts
105,M,3.32,47,4066,Bachelor Economics/Arts
106,F,5.98,31,4075,Bachelor Arts/Laws
107,M,3.99,25,4101,Bachelor Engineering /Arts
108,M,6.54,38,4103,Bachelor Information Technology/Arts
109,,5.19,19,4101,Bachelor Health Sciences
110,F,2.2,29,4101,Bachelor Music /Arts
111,M,5.59,28,4064,Bachelor Business Management/Arts
112,M,3.61,23,4066,Bachelor Commerce/Arts
113,M,4.81,18,4064,Bachelor Economics/Arts
114,M,5.23,37,4102,Bachelor Mathematics/Business Management
115,M,6.83,38,4120,Bachelor Engineering  and Master of Engineering
116,F,4.38,42,4169,Diploma Arts
117,F,4.68,31,4075,Masters Museum Studies
118,F,5.85,28,4120,Bachelor Mathematics
119,F,2.44,21,4101,Bachelor Engineering  and Master of Engineering
120,F,4.6,30,4069,Graduate Diploma Environmental Management
121,F,5.11,37,4067,Bachelor Business Management/Arts
122,F,5.7,53,4169,Bachelor Advanced Science
123,F,6.24,31,4000,Bachelor Business Management/Arts
124,M,3.6,27,4066,Bachelor Engineering /Science
125,M,3.24,33,4105,Bachelor Arts/Education (Secondary)
126,M,1.46,31,4101,Bachelor Engineering /Arts
127,,4.27,27,4064,Bachelor Engineering /Mathematics
128,M,1.22,27,4106,Bachelor Engineering /Economics
129,M,3.27,19,4104,Bachelor Commerce/Arts
130,F,3.81,27,4075,Bachelor Arts/Laws
131,F,2.6,19,4066,Bachelor Business Management/Arts
132,M,4.47,24,4102,Masters Leadership in Global Development
133,F,3.56,19,4067,Bachelor Information Technology/Arts
134,M,6.82,35,4065,Bachelor Communication/Arts
135,M,4.75,42,4120,Bachelor Criminology and Criminal Justice
136,M,6.8,31,4169,Bachelor Mathematics/Education (Secondary)
137,F,1.83,40,4066,Bachelor Journalism/Arts
138,M,4.53,23,4075,Bachelor Business Management/Arts
139,,6.75,32,4104,Bachelor Business Management/Arts
140,F,5.31,27,4101,Bachelor Journalism/Arts
141,M,4.8,30,4104,Bachelor Engineering /Arts
142,M,3.19,25,4104,Bachelor Social Science
143,F,5.86,34,4120,Bachelor International Studies
144,F,5.78,31,4066,Bachelor Arts/Social Science
145,M,6.61,45,4064,Bachelor Biomedical Science/Science
146,M,3.59,28,4106,Bachelor Science/Arts
147,M,4.68,31,4000,Bachelor Music /Arts
148,F,4.75,18,4000,Bachelor Science/Journalism
149,F,5.64,18,4064,Bachelor Arts
150,F,5.06,23,4064,Bachelor Arts/International Hotel and Tourism Management
151,,3.3,19,4106,Bachelor Music /Arts
152,M,1.95,35,4120,Bachelor Science  - St Lucia
153,M,5.3,26,4103,Bachelor Science (St Lucia)
154,F,2.03,20,4069,Bachelor Music /Arts
155,F,6.7,19,4064,Bachelor Engineering  and Master of Engineering
156,M,6.7,43,4075,Bachelor Engineering /Arts
157,F,5.23,24,4120,Bachelor Commerce/Arts
158,F,3.49,27,4120,Bachelor Biotechnology
159,F,3.54,37,4067,Bachelor Commerce/Arts
160,M,1.8,27,4000,Bachelor Mathematics/Arts
161,,2.81,50,4102,Bachelor Commerce/Science
162,M,4.3,31,4105,Bachelor Communication/ Journalism
163,F,4.12,29,4169,Bachelor Science  - St Lucia
164,M,3.55,45,4101,Bachelor Information Technology/Arts
165,M,5.46,29,4120,Masters Music (#16)
166,F,5.3,44,4064,Bachelor Advanced Humanities
167,F,5.57,25,4103,Bachelor Science/Arts
168,F,3.8,33,4067,Bachelor Economics/Arts
169,M,5.33,50,4120,Graduate Diploma Environmental Management
170,F,5.24,30,4102,Bachelor Science/Arts
171,F,6.95,35,4103,Bachelor Business Management/Communication
172,M,6.46,19,4067,Bachelor Engineering /Arts
173,,3.74,18,4067,Bachelor Music /Science
174,F,3.58,34,4068,Bachelor Science  - St Lucia
175,M,3.62,42,4066,Bachelor Arts
176,M,3.05,27,4103,Bachelor Journalism/Arts
177,F,6.43,24,4075,Bachelor Business Management/Journalism
178,F,5.07,27,4105,Bachelor Engineering /Arts
179,M,4.59,21,4104,Bachelor Arts/Laws
180,M,5.65,30,4105,Bachelor Commerce/Arts
181,F,4.67,22,4105,Bachelor Mathematics/Arts
182,,6.54,26,4169,Bachelor Engineering /Economics
183,F,2.73,28,4075,Bachelor Engineering /Information Technology
184,M,5.33,58,4066,Bachelor Science/Arts
185,F,6.78,36,4102,Bachelor Mathematics/Arts
186,M,2.52,31,4064,Bachelor Business Management/Arts
187,F,2.82,32,4068,Diploma Arts
188,M,6.93,25,4064,Bachelor Mathematics/Business Management
189,F,4.16,29,4103,Bachelor Science/Education (Secondary)
190,M,6.54,30,4069,Bachelor Engineering /Arts
191,M,3.63,25,4101,Bachelor Commerce/Arts
192,M,4.35,43,4075,Bachelor Science/Arts
193,F,6.69,53,4065,Bachelor Economics/Science
194,F,5.4,49,4102,Bachelor Engineering /Arts
195,M,5.46,29,4105,Bachelor Journalism/Arts
196,M,4.24,21,4102,Bachelor Science/Arts
197,F,4.94,35,4103,Bachelor Business Management/Arts
198,M,4.76,37,4105,Bachelor Veterinary Technology
199,M,2.48,19,4069,Bachelor Information Technology/Arts
200,M,4.74,41,4103,Graduate Diploma e-Healthcare
201,F,2.48,41,4101,Bachelor Arts/International Hotel and Tourism Management
202,M,5.76,28,4068,Masters Educational Studies (#24)
203,,3.8,21,4066,Bachelor Mathematics/Education (Secondary)
204,F,1.36,27,4000,Bachelor Business Management/Arts
205,M,5.32,44,4065,Bachelor Business Management/Arts
206,F,5.08,22,4000,Bachelor Science  - St Lucia
207,F,5.96,40,4103,Bachelor Business Management/Arts
208,M,2.36,30,4067,Bachelor Arts
209,F,4.49,20,4068,Bachelor Music /Science
210,M,2.99,51,4068,Bachelor Communication/Arts
211,M,3.52,18,4064,Bachelor Information Technology/Arts
212,,5.31,43,4101,Bachelor Science/Laws
213,M,3.76,26,4101,Bachelor Business Management/Arts
214,F,2.53,19,4120,Bachelor Information Technology/Science
215,M,5.8,29,4000,Bachelor Music /Science
216,M,3.67,48,4068,Bachelor Communication/Arts
217,M,3.36,44,4103,Bachelor Engineering
218,F,6.61,31,4065,Graduate Certificate Fire Safety
219,F,6.79,20,4068,Bachelor Engineering /Arts
220,M,5.05,41,4102,Bachelor Science  - St Lucia
221,M,5.56,26,4067,Bachelor Journalism/Arts
222,M,3.54,24,4068,Bachelor Mathematics/Arts
223,F,5.23,30,4068,Diploma Science
224,M,3.3,45,4102,Masters Business (#32)
225,M,2.89,30,4102,Bachelor Information Technology/Arts
226,M,6.16,27,4103,Bachelor Arts
227,F,5.96,24,4064,Bachelor Engineering /Arts
228,F,4.24,20,4069,Bachelor Science/Arts
229,F,4.0,22,4103,Bachelor Commerce/Economics
230,M,4.74,31,4169,Bachelor Music /Arts
231,F,2.51,27,4103,Bachelor Information Technology/Science
232,F,4.0,42,4069,Bachelor Music /Science
233,M,2.67,23,4075,Bachelor Business Management/Arts
234,M,3.91,36,4101,Bachelor Science/Journalism
235,F,5.48,28,4102,Bachelor Business Management/Journalism
236,M,3.58,24,4120,Bachelor Arts/Education (Secondary)
237,F,5.57,31,4104,Bachelor Engineering /Science
238,M,1.91,23,4065,Bachelor Economics/Arts
239,M,3.36,21,4104,Bachelor Mathematics/Information Technology
240,M,4.1,33,4075,Bachelor Journalism/Arts
241,M,6.34,41,4064,Bachelor Engineering /Science
242,F,5.09,50,4075,Bachelor Business Management/Arts
243,M,5.9,19,4103,Bachelor Biomedical Science/Science
244,M,1.99,25,4102,Graduate Certificate Business
245,F,3.57,39,4067,Bachelor Science/Arts
246,M,6.06,32,4075,Bachelor Engineering  and Master of Engineering
247,M,4.29,29,4102,Bachelor Arts/Social Science
248,F,4.49,24,4169,Bachelor Environmental Science
249,M,3.66,22,4105,Bachelor Business Management/Laws
250,F,2.14,34,4120,Bachelor Commerce/Arts
251,F,3.42,23,4069,Bachelor Science/Arts
252,F,4.16,26,4169,Bachelor Communication/Arts
253,M,2.53,44,4106,Bachelor Engineering
254,M,2.73,20,4102,Bachelor Science/Arts
255,M,5.78,23,4169,Diploma Arts
256,F,5.45,50,4104,Bachelor Engineering /Arts
257,M,1.23,27,4102,Bachelor Business Management/Journalism
258,M,4.53,60,4066,Bachelor Engineering /Science
259,M,5.96,41,4120,Bachelor Music /Arts
260,M,2.7,28,4101,Bachelor Information Technology/Arts
261,M,6.02,53,4101,Bachelor Music /Science
262,M,5.94,18,4104,Bachelor Arts/International Hotel and Tourism Management
263,,3.95,22,4068,Graduate Certificate Responsible Resource Development
264,M,2.83,26,4106,Bachelor Business Management/Laws
265,F,5.22,25,4069,Bachelor Business Management/Arts
266,M,4.89,30,4069,Bachelor Business Management/Arts
267,M,2.25,18,4106,Bachelor Arts/Social Science
268,F,2.87,33,4105,Bachelor Information Technology/Arts
269,F,6.14,21,4068,Bachelor Science/Arts
270,M,3.46,49,4120,Bachelor Economics/Science
271,M,5.33,30,4102,Bachelor Music /Arts
272,F,1.04,32,4068,Bachelor Biomedical Science/Science
273,,3.57,49,4075,Bachelor Communication/Arts
274,F,3.14,18,4101,Bachelor Arts/Laws
275,,2.56,64,4069,Bachelor Business Management/International Hotel and Tourism Management
276,,5.35,26,4075,Diploma Science
277,M,4.69,36,4066,Bachelor Information Technology/Arts
278,M,1.49,26,4120,Bachelor Music /Arts
279,F,4.89,22,4101,Bachelor Science (St Lucia)
280,M,4.86,40,4064,Bachelor Journalism/Arts
281,F,5.65,36,4169,Bachelor Arts
282,M,5.85,24,4066,Bachelor Arts/Education (Secondary)
283,F,3.32,42,4069,Bachelor Arts/Social Science
284,F,5.43,37,4068,Bachelor Economics/Science
285,M,5.3,35,4102,Bachelor Mathematics/Arts
286,M,5.02,37,4106,Bachelor Journalism/Arts
287,F,3.32,35,4067,Bachelor Economics/Arts
288,F,6.4,25,4103,Bachelor Commerce/Arts
289,M,2.45,25,4104,Bachelor Science/Arts
290,F,5.29,23,4000,Bachelor Mathematics/Commerce
291,F,5.37,21,4106,Bachelor Arts/International Hotel and Tourism Management
292,M,2.35,28,4069,Bachelor Biotechnology
293,M,5.73,25,4102,Masters Occupational Therapy Studies
294,M,5.07,26,4068,Bachelor Biomedical Science/Science
295,F,4.99,35,4101,Bachelor Arts
296,F,4.8,23,4106,Bachelor Engineering /Business Management
297,F,6.29,20,4105,Bachelor Mathematics/Arts
298,M,2.3,27,4065,"Bachelor Health, Sport and Physical Education"
299,F,4.46,23,4169,Bachelor Advanced Humanities
300,F,6.35,42,4101,Bachelor Engineering /Arts
301,M,2.22,35,4000,Bachelor Arts/Education (Secondary)
302,F,2.31,40,4104,Bachelor Arts
303,M,4.17,22,4103,Bachelor Arts/Laws
304,M,6.31,35,4120,Diploma Science
305,M,3.52,25,4106,Bachelor Business Management/Arts
306,M,4.99,23,4064,Graduate Diploma Educational Studies
307,M,2.32,25,4103,Bachelor Journalism/Arts
308,M,4.85,21,4105,Bachelor Mathematics/Science
309,M,5.1,32,4101,Bachelor Commerce/Arts
310,M,2.33,28,4106,Bachelor Information Technology/Science
311,F,5.42,37,4105,Bachelor Engineering /Science
312,M,5.68,26,4067,Bachelor Arts/Social Science
313,M,1.19,21,4064,Bachelor Economics/Arts
314,F,6.06,26,4102,Bachelor International Studies
315,F,5.72,29,4120,Bachelor Science  - St Lucia
316,M,5.61,27,4075,Bachelor Arts/Social Science
317,M,4.86,39,4106,Bachelor Arts/International Hotel and Tourism Management
318,M,4.18,23,4075,Bachelor Engineering /Arts
319,F,2.02,21,4102,Bachelor Engineering /Economics
320,M,6.34,24,4105,Bachelor Journalism/Arts
321,M,3.73,26,4075,Bachelor Commerce/Arts
323,M,5.11,31,4000,Masters Petroleum Engineering
324,F,3.71,53,4169,Bachelor Engineering /Arts
325,M,5.75,40,4064,Bachelor Communication/Arts
326,F,6.27,31,4106,Bachelor Arts/International Hotel and Tourism Management
327,,5.86,50,4169,Bachelor Science/Journalism
328,M,3.94,20,4102,Bachelor Arts/Social Science
329,F,5.59,44,4102,Bachelor Arts/Social Science
330,F,4.62,18,4000,Bachelor Engineering /Arts
331,F,5.62,25,4101,Bachelor Economics/Arts
332,F,6.29,52,4067,Bachelor Mathematics/Arts
333,M,6.05,21,4068,Bachelor Communication/ Journalism
334,M,3.37,33,4066,Masters Public Health (#24)
335,F,6.07,22,4067,Bachelor Journalism/Arts
336,F,6.92,28,4103,Bachelor Commerce/Arts
337,F,4.76,23,4106,Bachelor Arts/International Hotel and Tourism Management
338,M,3.09,23,4065,Bachelor Arts/Laws
339,M,1.53,23,4064,Graduate Certificate Arts in Japanese Translation
340,M,5.07,40,4104,Bachelor Science/Arts
341,F,5.09,24,4065,Bachelor Communication/Arts
342,F,6.61,22,4075,Bachelor Arts/Laws
343,,3.77,31,4120,Bachelor Economics/Arts
344,F,2.45,19,4066,Bachelor Music /Science
345,F,4.56,27,4103,Masters Development Practice (#24)
346,,4.51,51,4066,Bachelor Music /Arts
347,M,6.58,24,4103,Bachelor Science/Laws
348,,4.96,29,4104,Bachelor Biomedical Science/Science
349,M,4.21,32,4105,Bachelor Engineering /Business Management
350,F,3.31,33,4000,Bachelor Social Work
351,M,2.51,25,4105,Bachelor Arts/Social Science
352,F,5.48,27,4103,Bachelor Communication/Arts
353,M,2.69,54,4065,Bachelor Engineering /Science
354,M,1.58,30,4120,Bachelor Engineering /Arts
355,M,3.94,23,4065,Bachelor Mathematics/Science
356,,3.76,40,4065,Bachelor Business Management/Arts
357,F,4.33,33,4102,Bachelor Journalism/Arts
358,M,2.54,33,4075,Bachelor Arts/Laws
359,M,5.66,22,4075,Bachelor Commerce/Arts
360,F,5.13,51,4069,Bachelor Science  - St Lucia
361,F,2.38,25,4075,Bachelor Mathematics/Arts
362,F,6.07,42,4104,Bachelor Arts/Laws
363,M,5.05,21,4075,Bachelor Journalism/Arts
364,F,4.09,25,4000,Bachelor Engineering /Arts
365,,4.17,53,4000,Bachelor Mathematics/Arts
366,F,2.48,26,4068,Bachelor Business Management/Science
367,M,3.06,37,4102,Bachelor Journalism/Arts
368,M,4.48,40,4066,Bachelor Science/Laws
369,,5.36,28,4101,Bachelor Economics/Arts
370,M,4.05,32,4075,Bachelor Science (St Lucia)
371,F,4.43,27,4103,Bachelor Journalism/Arts
372,M,3.3,24,4105,Graduate Diploma Public Health
373,F,3.01,34,4103,Bachelor Music /Science
374,F,5.19,33,4106,Bachelor Arts/Social Science
375,F,4.67,33,4065,Bachelor Music /Science
376,M,4.23,44,4069,Bachelor Social Science
377,F,5.84,25,4106,Bachelor Engineering /Arts
378,F,5.88,60,4064,Bachelor Science/Arts
379,M,4.24,25,4106,Bachelor Music /Arts
380,F,3.77,35,4065,Bachelor Commerce/Arts
381,,3.92,56,4067,Bachelor Information Technology/Arts
382,M,3.97,33,4067,Bachelor Science/Arts
383,F,5.14,23,4120,Bachelor Business Management/Science
384,M,6.19,26,4101,Bachelor Music /Arts
385,F,4.34,32,4075,Bachelor Mathematics/Arts
386,M,1.93,39,4067,Bachelor Mathematics/Arts
387,F,4.15,57,4106,Bachelor Engineering
388,F,4.09,22,4101,Bachelor Science (St Lucia)
389,M,5.85,32,4105,Diploma Arts
390,F,4.35,36,4102,Bachelor Business Management/Commerce
391,M,2.37,21,4068,Bachelor Economics/Science
392,F,4.78,29,4101,Bachelor Engineering /Arts
393,M,3.56,31,4169,Bachelor Engineering
394,F,6.59,47,4106,Bachelor Engineering /Science
395,M,5.53,56,4068,Bachelor Mathematics/Economics
396,F,4.04,37,4105,Graduate Certificate Urban and Regional Planning
397,M,5.05,22,4101,Diploma Science
398,F,4.32,23,4120,Bachelor Arts/International Hotel and Tourism Management
399,M,5.48,27,4064,Bachelor Economics
400,,5.1,27,4106,Bachelor Arts
401,M,6.71,45,4000,Bachelor Mathematics/Arts
402,F,2.0,20,4065,Bachelor Arts/International Hotel and Tourism Management
403,F,5.31,18,4075,Bachelor Engineering  and Master of Engineering
404,F,6.68,36,4105,Bachelor Arts/Laws
405,F,5.99,40,4066,Bachelor Music /Science
406,F,3.78,20,4068,Diploma Arts
407,M,4.09,21,4169,Bachelor Journalism/Arts
408,F,3.23,21,4065,Masters (Extended) Medicine
409,F,3.02,23,4065,Bachelor Science/Arts
410,M,5.76,40,4067,Masters Science (#24)
411,M,4.41,25,4000,Bachelor Engineering /Arts
412,M,3.43,28,4105,Bachelor Arts/International Hotel and Tourism Management
413,F,1.58,34,4101,Bachelor Business Management/Arts
414,F,4.24,24,4102,Bachelor Mathematics/Science
415,F,1.57,25,4169,Bachelor Commerce/Laws
416,M,6.3,38,4106,Bachelor Engineering /Science
417,M,5.73,37,4102,Bachelor Music /Science
418,M,4.69,36,4064,Bachelor Arts/International Hotel and Tourism Management
419,F,6.72,29,4102,Bachelor Arts/International Hotel and Tourism Management
420,M,3.09,41,4068,Bachelor Engineering /Science
421,F,5.8,21,4104,Bachelor Music /Science
422,F,3.03,25,4066,Masters Information Technology
423,F,2.62,31,4120,Bachelor Music /Arts
424,F,2.64,23,4065,Bachelor Information Technology/Science
425,F,6.01,49,4120,Bachelor Mathematics/Science
426,F,6.05,22,4105,Bachelor Journalism/Arts
427,M,5.98,19,4103,Bachelor Business Management/Arts
428,,6.81,22,4067,Bachelor Science/Arts
429,F,5.94,25,4104,Bachelor Music /Arts
430,F,6.21,25,4069,Bachelor Biomedical Science/Science
431,F,2.96,25,4067,Bachelor Science/Journalism
432,M,6.39,38,4106,Bachelor Journalism/Arts
433,F,5.13,29,4106,Bachelor Communication/Arts
434,F,4.28,20,4064,Bachelor Engineering /Information Technology
435,,4.66,37,4169,Diploma Science
436,F,3.78,42,4104,Bachelor Commerce/Arts
437,,5.29,23,4102,Bachelor Economics/Arts
438,M,6.75,21,4065,Bachelor Arts/Social Science
439,M,4.0,28,4169,Bachelor Music /Science
440,F,6.61,30,4065,Bachelor Advanced Humanities
441,F,6.88,27,4104,Bachelor Economics/Science
442,F,5.78,21,4067,Bachelor Commerce/Arts
443,F,1.96,25,4120,Bachelor Journalism/Arts
444,F,3.09,21,4075,Bachelor Commerce/Arts
445,M,5.98,33,4103,Bachelor Science/Laws
446,M,4.95,31,4067,Graduate Certificate Computer Science
447,M,4.52,63,4103,Bachelor Psychological Science
448,F,5.67,34,4101,Bachelor Advanced Science
449,,5.66,49,4000,Bachelor Music /Arts
450,M,4.04,19,4102,Bachelor Commerce
451,,5.0,25,4068,Bachelor Biomedical Science/Science
452,M,3.37,20,4105,Bachelor Commerce/Science
453,F,4.66,19,4105,Bachelor Journalism/Arts
454,M,3.77,19,4103,Bachelor Music /Arts
455,F,3.91,31,4169,Bachelor Arts/International Hotel and Tourism Management
456,F,3.09,21,4104,Bachelor Arts
457,M,5.52,31,4064,Bachelor Music /Science
458,F,3.39,45,4068,Bachelor Arts/International Hotel and Tourism Management
459,M,5.51,22,4069,Bachelor Arts/Laws
460,M,4.36,28,4064,Bachelor Arts/Laws
461,M,1.55,19,4068,Bachelor Mathematics/Arts
462,F,1.19,23,4169,Bachelor Mathematics/Business Management
463,F,6.43,36,4106,Bachelor Engineering /Commerce
464,,4.42,22,4064,Bachelor Arts/International Hotel and Tourism Management
465,F,6.16,18,4068,Bachelor Business Management/Arts
466,F,5.53,32,4104,Bachelor Biotechnology
467,M,6.16,18,4105,Bachelor Science/Journalism
468,F,6.93,35,4069,Bachelor Engineering
469,F,1.9,45,4069,Bachelor Science/Education (Secondary)
470,F,3.33,21,4103,Bachelor Music /Arts
471,F,2.58,30,4075,Bachelor Science/Laws
472,M,4.22,36,4064,Bachelor Commerce/Arts
473,M,6.31,21,4101,Bachelor Arts/International Hotel and Tourism Management
474,M,3.15,72,4105,Bachelor Arts/Social Science
475,F,6.02,20,4065,Bachelor Business Management/Laws
476,M,1.41,34,4101,Bachelor Science (St Lucia)
477,F,4.41,47,4106,Bachelor Information Technology/Arts
478,M,4.93,22,4120,Bachelor Mathematics/Arts
479,M,6.23,36,4000,Bachelor Science  - St Lucia
480,M,5.63,36,4069,Diploma Science
481,F,5.32,24,4000,Bachelor Music /Arts
482,M,2.18,24,4169,Bachelor Engineering /Science
483,F,4.4,35,4104,Bachelor Clinical Exercise Physiology
484,F,4.84,21,4068,Bachelor Arts/Laws
485,M,5.81,44,4104,Bachelor Arts/Social Science
486,M,4.73,36,4069,Bachelor Arts/Social Science
487,M,4.07,30,4066,Bachelor Arts/Social Science
488,F,4.53,20,4169,Bachelor Science (Gatton)
489,F,3.85,43,4066,Bachelor Midwifery
490,M,1.4,41,4101,Bachelor Music /Science
491,F,4.58,24,4066,Bachelor Mathematics/Commerce
492,M,4.01,33,4064,Bachelor Engineering /Mathematics
493,M,5.94,33,4103,Bachelor Economics/Science
494,M,4.78,26,4105,Bachelor Engineering /Science
495,,2.3,42,4169,Masters Engineering Science (Management)
496,M,2.46,25,4103,Bachelor Advanced Humanities
497,F,6.7,21,4120,Bachelor Environmental Science
498,F,5.54,55,4075,Bachelor Business Management/Commerce
499,,4.31,29,4069,Diploma Languages
500,F,3.62,18,4120,Bachelor Mathematics/Science
501,F,2.75,22,4068,Bachelor Science/Arts
502,F,6.48,20,4069,Bachelor Engineering /Arts
503,M,2.97,21,4065,Bachelor Science/Arts
504,F,3.22,34,4065,Bachelor Business Management/Arts
505,F,4.52,50,4169,Masters Sports Coaching (#24)
506,F,5.51,38,4104,Bachelor Arts/Laws
507,M,6.03,24,4000,Graduate Certificate Public Health
508,M,3.46,38,4103,Bachelor Engineering /Economics
509,M,2.99,22,4105,Bachelor Science (Gatton)
510,F,6.61,37,4169,Bachelor Engineering /Science
511,F,6.25,52,4064,Bachelor Business Management/Arts
512,M,2.24,29,4101,Bachelor Business Management/Arts
513,M,4.01,47,4069,Bachelor Music /Arts
514,F,5.14,55,4104,Diploma Languages
515,M,5.28,25,4067,Bachelor Business Management/Arts
516,,5.09,31,4105,Bachelor Business Management/Arts
517,F,3.3,32,4169,Bachelor Music /Arts
518,F,5.59,24,4066,Bachelor Engineering /Arts
519,M,4.49,22,4105,Bachelor Business Management/Arts
520,M,6.44,21,4169,Bachelor Business Management/Arts
521,F,2.86,44,4105,Bachelor Music /Arts
522,F,4.87,36,4120,Bachelor Science/Laws
523,M,4.95,50,4105,Diploma Arts
524,M,5.57,30,4069,Bachelor International Studies
525,M,4.55,33,4069,Bachelor Arts/Social Science
526,M,6.89,27,4000,Bachelor Engineering /Arts
527,M,6.66,27,4067,Bachelor Economics/Laws
528,M,3.2,32,4102,Bachelor Communication/Arts
529,F,5.37,29,4102,Bachelor Science/Laws
530,F,2.92,28,4105,Bachelor Engineering /Arts
531,M,4.56,59,4105,Bachelor Commerce/Arts
532,F,4.25,32,4075,Bachelor Engineering /Arts
533,F,4.09,28,4075,Bachelor Arts/Social Science
534,M,5.08,24,4068,Bachelor Arts/International Hotel and Tourism Management
535,F,5.02,35,4104,Bachelor Biomedical Science/Science
536,M,5.0,50,4104,Bachelor Mathematics/Science
537,M,6.96,34,4069,Bachelor Journalism/Arts
538,M,2.48,31,4102,Bachelor Journalism/Arts
539,M,6.44,22,4101,Masters Conservation Science (#32)
540,F,3.11,36,4101,Bachelor Engineering /Science
541,,5.87,18,4066,Bachelor Music /Arts
542,M,4.01,22,4169,Bachelor Communication/Arts
543,F,6.83,19,4065,Bachelor Science  - St Lucia
544,F,3.54,27,4066,Bachelor Information Technology/Arts
545,M,6.06,24,4120,Bachelor Business Management/International Hotel and Tourism Management
546,M,5.68,20,4064,Masters Project Management
547,M,6.7,22,4075,Bachelor Social Science
548,M,6.77,36,4105,Bachelor Arts
549,F,5.21,20,4102,Bachelor Sustainable Agriculture
550,F,5.87,33,4075,Diploma Arts
551,M,4.28,22,4066,Bachelor Arts/Laws
552,F,6.7,22,4103,Bachelor Music /Arts
553,F,6.64,26,4101,Bachelor Regional and Town Planning
554,F,5.75,32,4065,Bachelor Mathematics/Science
555,F,5.06,22,4068,Bachelor Journalism/Arts
556,,5.6,48,4104,Bachelor Engineering /Information Technology
557,F,5.07,22,4103,Bachelor Music /Arts
558,M,3.15,40,4069,Bachelor Engineering /Arts
559,F,3.45,45,4104,Bachelor Science  - St Lucia
560,M,5.2,34,4103,Bachelor Science  - St Lucia
561,M,3.89,27,4066,Bachelor Arts/International Hotel and Tourism Management
562,M,3.75,57,4102,Masters Business (#32)
563,M,4.99,35,4067,Bachelor Arts/Social Science
564,M,4.96,29,4169,Graduate Diploma Environmental Management
565,F,3.08,20,4068,Bachelor Arts
566,F,4.04,30,4069,Bachelor Science  - St Lucia
567,M,4.11,32,4105,Masters Engineering Science (#16)
568,M,3.78,47,4106,Bachelor Business Management/Arts
569,F,5.98,56,4068,Bachelor Mathematics/Science
570,F,4.18,19,4103,Bachelor Information Technology/Arts
571,F,2.52,38,4068,Bachelor Mathematics/Arts
572,M,3.38,24,4067,Bachelor Arts/Laws
573,M,3.25,42,4066,Bachelor Arts/International Hotel and Tourism Management
574,M,3.57,20,4068,Bachelor Music /Science
575,F,4.29,23,4065,Masters Applied Linguistics (#16)
576,M,4.94,26,4105,"Graduate Certificate Writing, Editing and Publishing"
577,F,2.49,27,4102,Bachelor Communication/Arts
578,F,4.09,20,4068,Bachelor Advanced Humanities
579,M,6.6,32,4065,Bachelor Science/Journalism
580,F,6.37,20,4075,Bachelor Communication/Arts
581,M,5.79,32,4065,Bachelor Mathematics/Arts
582,M,2.81,20,4103,Bachelor Arts/Education (Secondary)
583,F,3.36,48,4066,Bachelor Arts/Laws
584,,5.67,34,4169,Bachelor Business Management/International Hotel and Tourism Management
585,M,5.59,24,4068,Bachelor Information Technology/Arts
586,F,6.54,28,4069,Bachelor Journalism/Arts
587,M,6.42,26,4104,Masters Clinical Psychology
588,,4.46,29,4067,Bachelor Business Management/Science
589,M,3.65,40,4102,Bachelor Mathematics/Arts
590,F,1.76,30,4066,Bachelor Commerce/Arts
591,M,2.66,32,4102,Diploma Arts
592,F,5.42,22,4169,Bachelor Psychological Science
593,M,5.42,39,4120,Bachelor Arts/Laws
594,F,3.98,24,4105,Bachelor Arts/Laws
595,M,2.6,19,4068,Bachelor Sustainable Agriculture
596,F,5.55,26,4102,Bachelor Commerce/Arts
597,F,5.62,27,4104,Bachelor Business Management/International Hotel and Tourism Management
598,,5.52,22,4069,Bachelor Arts/Laws
599,F,6.99,36,4069,Bachelor Mathematics/Information Technology
600,,3.79,24,4067,Bachelor Agribusiness/Veterinary Technology
601,F,5.43,55,4103,Bachelor Commerce/Science
602,M,2.88,23,4068,Bachelor Economics/Arts
603,M,5.19,38,4069,Bachelor Communication/Arts
604,F,1.58,24,4105,Bachelor Arts/Laws
605,F,5.35,30,4105,Bachelor Business Management/Arts
606,F,2.31,37,4000,Bachelor Mathematics/Science
607,F,5.98,25,4069,Bachelor Music /Science
608,M,3.57,24,4120,Bachelor Engineering /Science
609,F,5.25,28,4064,Bachelor Biotechnology
610,M,5.42,28,4169,Bachelor Arts/International Hotel and Tourism Management
611,M,3.59,44,4169,Masters Psychology
612,F,5.42,45,4066,Bachelor Commerce/Arts
613,M,5.32,35,4066,Bachelor Information Technology/Arts
614,F,6.43,22,4103,Bachelor Commerce/Arts
615,M,4.47,21,4066,Masters Environmental Management (#32)
616,M,4.41,40,4067,Bachelor Music /Arts
617,M,4.55,31,4102,Bachelor Science/Arts
618,F,6.15,20,4069,Bachelor Economics/Arts
619,F,2.29,23,4075,Masters Business (#24)
620,M,2.32,34,4067,Bachelor Arts
621,M,5.34,25,4120,Bachelor Arts/International Hotel and Tourism Management
622,,3.71,32,4065,Bachelor Mathematics/Arts
623,M,5.82,46,4103,Bachelor Journalism/Arts
624,F,4.55,40,4069,Graduate Diploma Environmental Management
625,M,6.45,18,4105,Bachelor Arts/Social Science
626,F,2.41,20,4103,Bachelor Commerce/Arts
627,,3.25,38,4064,Bachelor Engineering /Arts
628,M,5.62,29,4104,Bachelor Commerce/Arts
629,M,3.83,44,4106,Bachelor Music /Arts
630,F,3.91,38,4169,Bachelor Economics/Arts
631,F,2.34,27,4169,Bachelor Science/Laws
632,M,3.86,21,4169,Masters Financial Mathematics (#32)
633,M,5.49,26,4064,Bachelor Engineering /Arts
634,F,4.46,21,4068,Diploma Arts
635,M,5.94,39,4104,Bachelor Science (St Lucia)
636,F,2.77,36,4066,Bachelor Commerce/Science
637,M,3.49,42,4169,Bachelor Economics/Arts
638,F,6.62,47,4075,Bachelor Information Technology/Arts
639,,5.45,45,4068,Bachelor Economics/Arts
640,F,2.45,55,4075,Bachelor Arts/International Hotel and Tourism Management
641,M,4.91,37,4067,Bachelor Science (St Lucia)
642,M,4.5,43,4067,Bachelor Arts/Education (Secondary)
643,M,5.87,43,4120,Bachelor Arts/International Hotel and Tourism Management
644,F,1.97,26,4069,Bachelor Environmental Science
645,F,3.68,36,4075,Bachelor Science/Arts
646,M,5.11,58,4101,Bachelor Science/Education (Secondary)
647,F,5.32,46,4066,Bachelor Journalism/Arts
648,F,5.97,28,4075,Diploma Arts
649,F,6.48,57,4066,Bachelor Arts/Laws
650,M,4.72,29,4104,Bachelor Science/Arts
651,F,4.72,38,4075,Bachelor Information Technology/Arts
652,F,4.3,20,4000,Bachelor Business Management/Science
653,M,6.32,50,4075,Bachelor Science/Arts
654,M,1.1,26,4075,Diploma Arts
655,F,1.84,50,4068,Bachelor Arts/International Hotel and Tourism Management
656,M,2.46,24,4105,Bachelor Business Management/Laws
657,M,6.36,18,4069,Bachelor Music /Arts
658,M,4.95,26,4105,Bachelor Engineering /Arts
659,M,6.28,28,4064,Bachelor Science/Education (Secondary)
660,M,4.3,36,4106,Bachelor Arts/International Hotel and Tourism Management
661,M,5.93,32,4065,Bachelor Commerce/Arts
662,M,6.51,29,4103,Bachelor Education (Primary)
663,F,5.35,21,4101,Diploma Arts
664,M,2.46,33,4075,Bachelor Arts/Laws
665,M,5.93,50,4120,Bachelor Information Technology/Arts
666,M,3.27,28,4104,Bachelor Engineering /Business Management
667,M,5.62,41,4102,Bachelor Business Management/Arts
668,M,3.19,21,4106,Bachelor Laws
669,,6.17,24,4068,Bachelor Engineering /Science
670,M,2.94,47,4120,Bachelor Engineering  and Master of Engineering
671,F,3.5,26,4106,Bachelor Music /Science
672,F,3.04,22,4065,Bachelor Engineering /Biotechnology
673,M,4.01,24,4169,Bachelor Information Technology/Arts
674,F,3.28,52,4104,Bachelor Engineering /Arts
675,M,5.04,29,4068,Bachelor Mathematics/Arts
676,M,6.27,30,4066,Diploma Science
677,M,2.25,25,4064,Bachelor Engineering /Arts
678,F,4.96,40,4101,Bachelor Science/Laws
679,M,3.89,40,4064,Diploma Science
680,F,5.84,29,4067,Masters Peace and Conflict Studies (#16)
681,M,5.91,34,4000,Bachelor Engineering
682,F,5.59,50,4075,Bachelor Science/Arts
683,F,6.45,34,4067,Bachelor Information Technology/Arts
684,F,6.29,61,4169,Bachelor Science/Arts
685,,6.86,18,4104,Bachelor Science (St Lucia)
686,F,6.27,25,4065,Bachelor Commerce/Economics
687,F,3.35,34,4064,Bachelor Arts/Social Science
688,M,4.66,42,4065,Bachelor Engineering /Commerce
689,M,6.59,35,4069,Bachelor Science/Laws
690,M,6.89,48,4120,Bachelor Advanced Humanities
691,M,3.63,33,4105,Bachelor Business Management/Arts
692,M,5.87,49,4075,Bachelor Arts/International Hotel and Tourism Management
693,F,6.0,24,4065,Masters Biotechnology (#16)
694,M,5.26,24,4065,Masters Peace and Conflict Studies (#16)
695,M,3.31,33,4068,Bachelor Science/Arts
696,M,2.45,28,4075,Bachelor Arts/International Hotel and Tourism Management
697,F,4.52,43,4106,Bachelor Science (St Lucia)
698,F,5.51,48,4065,Bachelor Veterinary Science
699,F,3.26,37,4066,Bachelor Economics/Science
700,F,5.39,45,4067,Masters Public Health (#24)
701,M,3.68,36,4068,Bachelor Arts/Laws
702,M,3.59,30,4106,Bachelor Arts/Laws
703,M,4.74,34,4067,Bachelor Journalism/Arts
704,F,1.94,40,4000,Bachelor Commerce/Economics
705,M,3.81,39,4068,Bachelor Journalism/Arts
706,M,2.44,36,4106,Bachelor Arts/International Hotel and Tourism Management
707,M,3.44,28,4103,Bachelor Arts/Laws
708,M,3.14,34,4105,Bachelor Advanced Humanities
709,F,4.27,31,4169,Bachelor Engineering /Arts
710,F,4.78,30,4101,Bachelor Engineering /Economics
711,M,5.78,19,4101,Bachelor Arts/Social Science
712,F,6.66,27,4068,Bachelor Arts/Social Science
713,M,6.11,42,4064,Bachelor Mathematics/Arts
714,F,5.33,33,4065,Diploma Arts
715,,3.96,43,4169,Bachelor Science/Laws
716,M,5.53,35,4066,Bachelor Engineering /Arts
717,F,3.6,40,4106,Bachelor Arts/International Hotel and Tourism Management
718,F,5.98,25,4169,Bachelor Economics/Science
719,F,5.5,19,4120,Bachelor Economics/Science
720,M,5.27,51,4106,Bachelor Arts/Social Science
721,M,5.5,34,4106,Bachelor Music /Science
722,F,3.9,20,4000,Bachelor Engineering /Arts
723,F,3.76,54,4102,Bachelor Mathematics/Education (Secondary)
724,M,5.7,55,4075,Bachelor Arts/International Hotel and Tourism Management
725,M,5.62,55,4067,Bachelor Engineering /Mathematics
726,M,1.89,31,4075,Diploma Languages
727,M,3.61,38,4000,Masters Engineering Science (#16)
728,,2.92,18,4067,Bachelor Science/Arts
729,M,3.18,39,4104,Graduate Certificate Clinical Pharmacy
730,F,6.3,35,4066,Bachelor Economics/Arts
731,F,5.45,52,4075,Bachelor International Studies
732,M,5.84,29,4000,Bachelor Arts
733,M,6.91,31,4101,Bachelor Information Technology/Arts
734,F,6.92,33,4105,Bachelor Economics/Arts
735,M,6.2,36,4104,Bachelor Communication/Arts
736,F,1.56,22,4068,Bachelor Commerce/Arts
737,M,5.83,25,4075,Bachelor Commerce/Arts
738,M,4.45,18,4104,Bachelor Science/Arts
739,F,5.63,39,4102,Bachelor Information Technology/Arts
740,F,4.8,41,4103,Bachelor Information Technology/Arts
741,F,1.32,31,4064,Bachelor Arts/Social Science
742,M,2.72,26,4101,Bachelor Commerce/Arts
743,,4.52,30,4106,Bachelor Music /Arts
744,F,5.16,32,4105,Bachelor Music /Arts
745,M,4.03,50,4106,Bachelor Engineering /Mathematics
746,M,4.01,36,4069,Bachelor Arts/Social Science
747,F,4.94,26,4169,Diploma Arts
748,F,6.24,40,4102,Bachelor Arts/Laws
749,F,3.28,31,4106,Bachelor Commerce/Arts
750,M,3.78,31,4000,Bachelor Commerce/Arts
751,F,5.1,41,4000,Bachelor Journalism/Arts
752,F,5.72,58,4069,Bachelor Business Management/Science
753,M,5.3,22,4075,Bachelor Arts/International Hotel and Tourism Management
754,F,6.71,43,4102,Bachelor Arts/Laws
755,M,4.17,18,4068,Masters Engineering
756,F,4.76,23,4000,Bachelor Communication/Arts
757,M,5.71,23,4169,Bachelor Business Management/Arts
758,F,3.36,43,4068,Bachelor Mathematics/Business Management
759,M,5.45,18,4069,Diploma Arts
760,M,6.49,29,4169,Bachelor Engineering /Commerce
761,F,6.89,27,4075,Bachelor Science (St Lucia)
762,M,3.76,26,4064,Diploma Languages
763,M,3.51,19,4104,Bachelor Arts/Laws
764,M,2.64,30,4103,Bachelor Mathematics/Science
765,F,6.28,28,4075,Bachelor Arts/International Hotel and Tourism Management
766,M,4.8,40,4102,Bachelor Science/Arts
767,M,4.91,23,4065,Bachelor Science  - St Lucia
768,M,5.08,39,4101,Bachelor Arts/Laws
769,F,1.51,52,4069,Masters International Commercial Law
770,F,3.6,18,4069,Bachelor Business Management/Science
771,M,2.52,33,4000,Bachelor Biomedical Science/Science
772,,3.23,48,4065,Diploma Arts
773,F,2.94,50,4120,Bachelor Science/Arts
774,F,6.71,34,4105,Bachelor Arts
775,F,2.54,19,4068,Bachelor Music /Arts
776,M,2.47,28,4075,Bachelor Arts/International Hotel and Tourism Management
777,M,5.02,22,4120,Graduate Certificate Business Administration
778,M,4.21,18,4065,Bachelor Information Technology/Arts
779,F,2.2,22,4068,Graduate Certificate Geographic Information Science
780,F,1.2,52,4068,Bachelor Commerce/Arts
781,F,4.44,41,4075,Bachelor Biotechnology
782,F,2.2,49,4068,Bachelor Music /Arts
783,M,5.33,23,4102,Bachelor Science/Journalism
784,M,6.26,18,4106,Bachelor Information Technology/Arts
785,F,2.79,54,4103,Bachelor Advanced Humanities
786,F,6.54,23,4068,Diploma Languages
787,F,5.02,33,4102,Bachelor Information Technology/Arts
788,M,3.78,27,4101,Bachelor Engineering /Information Technology
789,F,3.32,24,4103,Masters Financial Mathematics (#24)
790,F,4.49,18,4101,Bachelor Journalism/Arts
791,F,6.85,26,4101,Bachelor Engineering /Science
792,F,2.36,21,4066,Bachelor Engineering /Economics
793,F,4.15,31,4101,Graduate Certificate Peace and Conflict Studies
794,F,3.58,24,4120,Bachelor Commerce
795,M,6.7,31,4102,Bachelor Commerce/Arts
796,F,6.17,25,4120,Bachelor Communication/Arts
797,F,2.41,19,4102,Graduate Diploma Museum Studies
798,,6.27,22,4169,Bachelor Communication/Arts
799,M,6.82,29,4065,Bachelor Science/Arts
800,F,3.62,48,4120,Bachelor Business Management/Arts
801,F,3.88,29,4106,Bachelor Engineering
802,F,4.41,42,4105,Bachelor Mathematics/Science
803,M,4.65,26,4120,Bachelor Commerce /Information Technology
804,M,3.61,20,4102,Bachelor Music /Arts
805,F,5.91,36,4067,Bachelor Engineering  and Master of Engineering
806,F,5.45,19,4106,Bachelor Science/Education (Secondary)
807,M,6.13,37,4101,Bachelor Music /Arts
808,F,4.36,31,4102,Bachelor Education (Primary)
809,M,1.58,20,4106,Bachelor Commerce/Arts
810,M,5.35,39,4066,Bachelor Business Management/Arts
811,M,4.81,29,4105,Bachelor Advanced Science
812,M,4.83,19,4103,Bachelor Science (St Lucia)
813,M,2.4,49,4105,Bachelor Science/Laws
814,F,6.69,33,4104,Bachelor Arts/Social Science
815,M,6.38,33,4065,Bachelor Science  - St Lucia
816,M,4.16,33,4103,Bachelor International Studies
817,,1.71,25,4106,Bachelor Biomedical Science/Science
818,F,5.68,41,4101,Bachelor Business Management/Arts
819,F,6.44,23,4067,Bachelor Arts/International Hotel and Tourism Management
820,F,3.86,32,4169,Bachelor Engineering
821,M,2.05,26,4105,Bachelor Biotechnology
822,M,3.44,23,4104,Bachelor Business Management/Communication
823,F,5.63,26,4075,Bachelor Economics/Arts
824,F,3.58,29,4120,Bachelor Business Management/Science
825,M,2.38,50,4069,Bachelor Commerce/Arts
826,,6.22,34,4067,Bachelor Business Management/Science
827,,6.8,29,4067,Bachelor Engineering /Science
828,,6.13,29,4106,Bachelor Arts/Social Science
829,F,3.88,20,4000,Bachelor Economics/Arts
830,,6.59,42,4069,Bachelor Arts/Social Science
831,F,6.21,37,4104,Graduate Diploma Mineral Resources
832,F,5.23,38,4120,Bachelor Engineering /Arts
833,F,4.47,18,4104,Bachelor Communication/Arts
834,M,6.0,45,4101,Bachelor Commerce/Arts
835,M,3.85,33,4169,Diploma Languages
836,F,6.39,38,4106,Bachelor Engineering /Business Management
837,M,5.22,29,4103,Bachelor Information Technology/Arts
838,F,6.21,34,4075,Bachelor Economics/Science
839,,4.31,39,4102,Bachelor Mathematics/Arts
840,M,5.24,43,4102,Bachelor Science/Education (Secondary)
841,F,5.56,29,4075,Bachelor Economics/Science
842,F,4.35,34,4106,Bachelor Arts/Laws
843,F,5.76,19,4104,Bachelor Commerce/Arts
844,M,5.95,26,4120,Bachelor Information Technology/Arts
845,F,3.1,19,4064,Bachelor Journalism/Arts
846,F,5.34,22,4065,Bachelor Business Management/Arts
847,M,3.98,32,4104,Bachelor Economics/Arts
848,F,5.29,47,4101,Bachelor Engineering /Arts
849,F,5.5,23,4101,Masters Heritage Management (#24)
850,M,2.15,27,4106,Bachelor Communication/Arts
851,F,2.57,18,4105,Bachelor Engineering /Business Management
852,F,5.48,23,4120,Bachelor Information Technology/Arts
853,F,4.76,38,4102,Bachelor Midwifery
854,M,3.77,43,4101,Bachelor Arts/Laws
855,F,4.69,21,4064,Bachelor Engineering /Arts
856,F,4.56,18,4120,Bachelor Information Technology/Arts
857,F,6.18,21,4075,Bachelor Economics/Arts
858,M,2.72,54,4104,Bachelor Mathematics/Science
859,F,3.89,19,4105,Bachelor Arts/International Hotel and Tourism Management
860,F,4.02,23,4068,Bachelor Arts/Laws
861,F,5.44,34,4066,Bachelor Biotechnology
862,F,5.93,39,4169,Bachelor Business Management/Economics
863,F,4.39,20,4069,Bachelor Mathematics/Arts
864,F,5.89,28,4069,Bachelor Communication/Arts
865,M,3.84,20,4066,Bachelor Communication/Arts
866,M,6.81,32,4075,Bachelor Journalism/Arts
867,M,2.73,41,4102,Bachelor Arts/International Hotel and Tourism Management
868,F,5.11,38,4069,Bachelor Engineering /Economics
869,M,6.76,37,4106,Bachelor Business Management/Arts
870,M,3.01,36,4069,Diploma Arts
871,M,5.89,20,4103,Bachelor Science  - St Lucia
872,F,6.86,23,4065,Bachelor Science  - St Lucia
873,M,3.73,49,4064,Bachelor Business Management/Arts
874,M,5.19,42,4065,Bachelor Engineering /Commerce
875,M,5.39,28,4000,Bachelor Arts/International Hotel and Tourism Management
876,M,2.18,18,4000,Bachelor Arts/Social Science
877,F,5.29,20,4066,Bachelor Engineering /Economics
878,F,1.38,50,4065,Bachelor Biomedical Science/Science
879,F,6.5,38,4065,Bachelor Arts
880,,6.13,47,4065,Diploma Arts
881,F,5.28,24,4066,Bachelor Music /Arts
882,F,3.88,30,4103,Bachelor Economics/Arts
883,F,3.99,23,4101,Bachelor Journalism/Arts
884,F,5.93,24,4064,Bachelor Commerce/Arts
885,F,2.58,27,4106,Bachelor Mathematics/Arts
886,F,6.71,48,4075,Bachelor Communication/Arts
887,F,6.39,32,4000,Bachelor Economics/Science
888,M,5.33,28,4075,Bachelor Biotechnology
889,,6.71,27,4069,Bachelor Arts/Social Science
890,F,6.03,55,4101,Bachelor Biomedical Science/Science
891,,4.12,28,4105,Bachelor Science (St Lucia)
892,F,6.47,24,4101,Bachelor Information Technology
893,M,1.43,20,4103,Bachelor Science/Journalism
894,F,5.45,24,4101,Bachelor Advanced Humanities
895,F,4.8,52,4169,Bachelor Information Technology/Arts
896,F,2.68,36,4064,Bachelor Business Management/Arts
897,M,3.46,39,4120,Bachelor Engineering /Science
